rank,city,official_name_ja,display_name_ko,official_name_en,official_source_url,anchor_type,official_source_type,classification,mcp_one_to_one_status,mcp_product_count,gap_score,matched_product_titles,matched_product_urls,evidence_levels,tour_detail_evidence_levels,evidence_policies,match_evidence,follow_up_action
1,후쿠오카,ぐりんぐりん,구린구린,,https://yokanavi.com/spots/27027,place,tourism_facility,MCP 추가 수집 필요,없음,0,,없음,없음,없음,해당 없음,없음,없음,번역명/상세일정/파트너 후보 검토
2,후쿠오카,アクロス福岡,아크로스 후쿠오카,,https://yokanavi.com/spots/26820,place,tourism_facility,MCP 추가 수집 필요,없음,0,,없음,없음,없음,해당 없음,없음,없음,번역명/상세일정/파트너 후보 검토
3,후쿠오카,キャナルシティ博多,캐널시티 하카타,,https://yokanavi.com/spots/26792,place,tourism_facility,검증된 대표 경험,1대다 대응 확인,3,0.0,"[당일] 눈과 입이 즐거운 식도락의 도시, 후쿠오카 시티투어 (비디오 가이드) #1+1 | [유후인/벳푸/후쿠오카 프라이빗] 일본 큐슈 2일 프라이빗 투어 (FUK-2020) | [후쿠오카/유후인/벳푸/구마모토 프라이빗] 일본 큐슈 3일 알찬 투어 (FUK-2030)",https://experiences.myrealtrip.com/products/3841906 | https://experiences.myrealtrip.com/products/4159277 | https://experiences.myrealtrip.com/products/4159287,tour_detail_confirmed | tour_detail_confirmed | tour_detail_confirmed,해당 없음,투어 상세 일정·소개·포함사항에서 실제 장소 방문을 직접 확인했다. | 투어 상세 일정·소개·포함사항에서 실제 장소 방문을 직접 확인했다. | 투어 상세 일정·소개·포함사항에서 실제 장소 방문을 직접 확인했다.,"전체 일정 · 코스1 · 캐널시티 하카타: 캐널시티 하카타 '스타필드', '타임스퀘어', '아이파크몰'과 같은 복합 쇼핑몰입니다. 다양한 패션 소품 상점부터 음식점, 카페, 영화관 등이 있죠. 또한, 이곳에서는 분수 쇼도 있어서 볼거리와 즐길 거리가 가득합니다. | 전체 일정 · 코스1 · ◆ 캐널 시티 히카타: ◆ 캐널 시티 히카타 캐널시티 하카타는 단순한 쇼핑몰이 아니라 '도시속의 하나의 도시' '즐거움이 교차하는 미래도시형 공간'을 컨셉으로 15만평의 부지위에 만든 미래도시 입니다. 6개 대형건물이 마치 하나의 쇼핑몰을 이루듯 모여있고, 그 사이를 길이 180m의 인공운하가 구불구불 흐르면서 역동적인 공간을 연출하고 있습니다. | 전체 일정 · 코스1 · ◆ 캐널 시티 히카타: ◆ 캐널 시티 히카타 캐널시티 하카타는 단순한 쇼핑몰이 아니라 '도시속의 하나의 도시' '즐거움이 교차하는 미래도시형 공간'을 컨셉으로 15만평의 부지위에 만든 미래도시 입니다. 6개 대형건물이 마치 하나의 쇼핑몰을 이루듯 모여있고, 그 사이를 길이 180m의 인공운하가 구불구불 흐르면서 역동적인 공간을 연출하고 있습니다.",번역명/상세일정/파트너 후보 검토
4,후쿠오카,世界の建築家通り,세계의 건축가 거리,,https://yokanavi.com/spots/27025,place,tourism_facility,MCP 추가 수집 필요,없음,0,,없음,없음,없음,해당 없음,없음,없음,번역명/상세일정/파트너 후보 검토
5,후쿠오카,天神地下街,덴진 지하상점가,,https://yokanavi.com/spots/27127,place,tourism_facility,MCP 추가 수집 필요,없음,0,,없음,없음,없음,해당 없음,없음,없음,번역명/상세일정/파트너 후보 검토
6,후쿠오카,福岡市赤煉瓦文化館,후쿠오카시 아카렌가 문화관,,https://yokanavi.com/spots/26950,place,tourism_facility,MCP 추가 수집 필요,없음,0,,없음,없음,없음,해당 없음,없음,없음,번역명/상세일정/파트너 후보 검토
7,후쿠오카,福岡銀行本店,후쿠오카은행 본점,,https://yokanavi.com/spots/27020,place,tourism_facility,MCP 추가 수집 필요,없음,0,,없음,없음,없음,해당 없음,없음,없음,번역명/상세일정/파트너 후보 검토
8,후쿠오카,'【パブリックアート】天神西交差点広場／平和の門ほか,덴진 니시교차로 광장,,https://yokanavi.com/spots/27021,place,tourism_facility,MCP 추가 수집 필요,없음,0,,없음,없음,없음,해당 없음,없음,없음,번역명/상세일정/파트너 후보 검토
9,후쿠오카,福岡アジア美術館,후쿠오카 아시아미술관（일시 휴관 중）,,https://yokanavi.com/spots/26794,place,tourism_facility,MCP 추가 수집 필요,없음,0,,없음,없음,없음,해당 없음,없음,없음,번역명/상세일정/파트너 후보 검토
10,후쿠오카,福岡市美術館,후쿠오카시 미술관,,https://yokanavi.com/spots/26815,place,tourism_facility,MCP 추가 수집 필요,없음,0,,없음,없음,없음,해당 없음,없음,없음,번역명/상세일정/파트너 후보 검토
11,후쿠오카,「博多町家」ふるさと館,하카타마치야 후루사토칸,,https://yokanavi.com/spots/26812,place,tourism_facility,MCP 추가 수집 필요,없음,0,,없음,없음,없음,해당 없음,없음,없음,번역명/상세일정/파트너 후보 검토
12,후쿠오카,はかた伝統工芸館（ ※2025年5月2日（金曜日）博多区博多駅前一丁目に移転オープン！）,하카타 전통공예관 ※2025년 5월 2일(금요일) 하카타구 하카타역 앞 잇쵸메에 이전 오픈!,,https://yokanavi.com/spots/27178,place,tourism_facility,MCP 추가 수집 필요,없음,0,,없음,없음,없음,해당 없음,없음,없음,번역명/상세일정/파트너 후보 검토
13,후쿠오카,キャナルシティ劇場,캐널시티 극장,,https://yokanavi.com/spots/26818,place,tourism_facility,MCP 추가 수집 필요,없음,0,,없음,없음,없음,해당 없음,없음,없음,번역명/상세일정/파트너 후보 검토
14,후쿠오카,博多伝統芸能館,하카타 전통 예능관,,https://yokanavi.com/spots/119804,place,tourism_facility,MCP 추가 수집 필요,없음,0,,없음,없음,없음,해당 없음,없음,없음,번역명/상세일정/파트너 후보 검토
15,후쿠오카,博多座,하카타자,,https://yokanavi.com/spots/26817,place,tourism_facility,MCP 추가 수집 필요,없음,0,,없음,없음,없음,해당 없음,없음,없음,번역명/상세일정/파트너 후보 검토
16,후쿠오카,大濠公園能楽堂,오호리공원 노가쿠당,,https://yokanavi.com/spots/26992,place,tourism_facility,MCP 추가 수집 필요,없음,0,,없음,없음,없음,해당 없음,없음,없음,번역명/상세일정/파트너 후보 검토
17,후쿠오카,福岡おもちゃ美術館,후쿠오카 장난감 미술관,,https://yokanavi.com/spots/235901,place,tourism_facility,MCP 추가 수집 필요,없음,0,,없음,없음,없음,해당 없음,없음,없음,번역명/상세일정/파트너 후보 검토
18,후쿠오카,福岡市博物館,후쿠오카시 박물관,,https://yokanavi.com/spots/26814,place,tourism_facility,MCP 추가 수집 필요,없음,0,,없음,없음,없음,해당 없음,없음,없음,번역명/상세일정/파트너 후보 검토
19,후쿠오카,福岡県立美術館,후쿠오카현립 미술관,,https://yokanavi.com/spots/26821,place,tourism_facility,MCP 추가 수집 필요,없음,0,,없음,없음,없음,해당 없음,없음,없음,번역명/상세일정/파트너 후보 검토
20,후쿠오카,アイランドシティ中央公園,아일랜드시티 중앙 공원,,https://yokanavi.com/spots/27026,place,tourism_facility,MCP 추가 수집 필요,없음,0,,없음,없음,없음,해당 없음,없음,없음,번역명/상세일정/파트너 후보 검토
21,후쿠오카,マリンワールド海の中道,마린월드 우미노나카미치,,https://yokanavi.com/spots/26800,place,tourism_facility,검증된 대표 경험,1대다 대응 확인,5,0.0,후쿠오카 마린월드 우미노나카미치 수족관 입장권 | [아쿠아리움] 마린 월드 우미노나카미치 입장권 | [후쿠오카/프라이빗] 일본 후쿠오카 근교 1일 프라이빗 투어 (FUK-1011) | [유후인/벳푸/후쿠오카 프라이빗] 일본 큐슈 2일 프라이빗 투어 (FUK-2020) | [후쿠오카/유후인/벳푸/구마모토 프라이빗] 일본 큐슈 3일 알찬 투어 (FUK-2030),https://experiences.myrealtrip.com/products/5869302 | https://experiences.myrealtrip.com/products/6178107 | https://experiences.myrealtrip.com/products/4157435 | https://experiences.myrealtrip.com/products/4159277 | https://experiences.myrealtrip.com/products/4159287,ticket_product_confirmed | ticket_product_confirmed | tour_detail_confirmed | tour_detail_confirmed | tour_detail_confirmed,해당 없음,입장권은 상품 자체가 해당 시설 이용권이므로 제목/상품명 매칭을 강한 근거로 본다. | 입장권은 상품 자체가 해당 시설 이용권이므로 제목/상품명 매칭을 강한 근거로 본다. | 투어 상세 일정·소개·포함사항에서 실제 장소 방문을 직접 확인했다. | 투어 상세 일정·소개·포함사항에서 실제 장소 방문을 직접 확인했다. | 투어 상세 일정·소개·포함사항에서 실제 장소 방문을 직접 확인했다.,"마린월드 우미노나카미치 | 마린월드 우미노나카미치 | 전체 일정 · 코스1 · ◆ 마린월드 우미노마카마치: ◆ 마린월드 우미노마카마치 1989년 4월 국영 우미노나카미치 해변공원의 문화 리조트 지역에 개관한 수족관으로 규슈에서 가장 큰 규모를 자랑 합니다, 아열대 수족, 온대걔 수족, 아한대 수족을 해류의 흐름에 따라 남에서 북으로 차례대로 전시 합니다. 특리 골고래와 물개의 쇼, 깜짝 놀랄정도로 큰 상어가 있는 파노라마 수조에서 진행되는 수중연기쇼, 고래와 해달 등 볼거리가 많아 아이들이 가장 좋아 합니다. ☞ 이용 시간: 9:30 ~ 17:30, 9:30 ~ 21:00(하계 | 전체 일정 · 코스1 · ◆ (옵션) 마린월드: ◆ (옵션) 마린월드 1989년 4월 국영 우미노나카미치 해변공원의 문화 리조트 지역에 개관한 수족관으로 규슈에서 가장 큰 규모를 자랑 합니다, 아열대 수족, 온대걔 수족, 아한대 수족을 해류의 흐름에 따라 남에서 북으로 차례대로 전시 합니다. | 전체 일정 · 코스1 · ◆ (옵션)마린월드: ◆ (옵션)마린월드 1989년 4월 국영 우미노나카미치 해변공원의 문화 리조트 지역에 개관한 수족관으로 규슈에서 가장 큰 규모를 자랑 합니다, 아열대 수족, 온대걔 수족, 아한대 수족을 해류의 흐름에 따라 남에서 북으로 차례대로 전시 합니다. 특히 골고래와 물개의 쇼, 깜짝 놀랄정도로 큰 상어가 있는 파노라마 수조에서 진행되는 수중연기쇼, 고래와 해달 등 볼거리가 많아 아이들이 가장 좋아 합니다. ☞ 이용 시간: 9:30 ~ 17:30, 9:30 ~ 21:00(하계), 10:00",번역명/상세일정/파트너 후보 검토
22,후쿠오카,天神中央公園,덴진 주오 공원,,https://yokanavi.com/spots/26957,place,tourism_facility,MCP 추가 수집 필요,없음,0,,없음,없음,없음,해당 없음,없음,없음,번역명/상세일정/파트너 후보 검토
23,후쿠오카,東公園,히가시 공원,,https://yokanavi.com/spots/26828,place,tourism_facility,MCP 추가 수집 필요,없음,0,,없음,없음,없음,해당 없음,없음,없음,번역명/상세일정/파트너 후보 검토
24,후쿠오카,福岡市動植物園,후쿠오카시 동식물원,,https://yokanavi.com/spots/26802,place,tourism_facility,MCP 추가 수집 필요,없음,0,,없음,없음,없음,해당 없음,없음,없음,번역명/상세일정/파트너 후보 검토
25,후쿠오카,福岡市民防災センター,후쿠오카시민 방재센터,,https://yokanavi.com/spots/26975,place,tourism_facility,MCP 추가 수집 필요,없음,0,,없음,없음,없음,해당 없음,없음,없음,번역명/상세일정/파트너 후보 검토
26,후쿠오카,丸隈山古墳（まるくまやまこふん）,마루쿠마야마 고분,,https://yokanavi.com/spots/26874,place,tourism_facility,MCP 추가 수집 필요,없음,0,,없음,없음,없음,해당 없음,없음,없음,번역명/상세일정/파트너 후보 검토
27,후쿠오카,今宿元寇防塁,이마주쿠 몽고침입 방루터,,https://yokanavi.com/spots/26886,place,tourism_facility,MCP 추가 수집 필요,없음,0,,없음,없음,없음,해당 없음,없음,없음,번역명/상세일정/파트너 후보 검토
28,후쿠오카,住吉神社,스미요시신사,,https://yokanavi.com/spots/26920,place,tourism_facility,부분 상품화 자산,1대1 대응 확인,1,0.55,"[당일] 눈과 입이 즐거운 식도락의 도시, 후쿠오카 시티투어 (비디오 가이드) #1+1",https://experiences.myrealtrip.com/products/3841906,tour_detail_confirmed,해당 없음,투어 상세 일정·소개·포함사항에서 실제 장소 방문을 직접 확인했다.,"전체 일정 · 코스1 · 스미요시 신사(住吉神社): 투어 소개 및 코스 안내: 스미요시 신사(住吉神社): 투어 소개 및 코스 안내 인천 국제 공항 기준으로 1시간 30분 정도면 갈 수 있는 도시, 후쿠오카! 그래서 한국인들이 즐겨 찾는 도시죠. 아울러 먹거리, 쇼핑, 편리한 교통 등 여행하기 너무나 좋은 곳입니다. 후쿠오카의 매력을 파헤치러 가보시죠! 그리고 일본 이야기할 때, 빼놓을 수 없는 것이 '신사'인데요. 하지만 '신사는 나쁘다'라고 생각하시는 분들이 있으실 겁니다. 어떤 신사가 괜찮은지, 이 스미요시 신사는 어떤 곳인지 설명해 드리겠습니다.",연결 상품 유지/확장 검토
29,후쿠오카,元寇史料館,겐코 역사자료관,,https://yokanavi.com/spots/26808,place,tourism_facility,MCP 추가 수집 필요,없음,0,,없음,없음,없음,해당 없음,없음,없음,번역명/상세일정/파트너 후보 검토
30,후쿠오카,十日恵比須神社,도카에비스신사,,https://yokanavi.com/spots/27134,place,tourism_facility,MCP 추가 수집 필요,없음,0,,없음,없음,없음,해당 없음,없음,없음,번역명/상세일정/파트너 후보 검토
31,후쿠오카,博多千年門,하카타 천년문,,https://yokanavi.com/spots/64988,place,tourism_facility,MCP 추가 수집 필요,없음,0,,없음,없음,없음,해당 없음,없음,없음,번역명/상세일정/파트너 후보 검토
32,후쿠오카,博多歴史館（はかたれきしかん）,하카타 역사관,,https://yokanavi.com/spots/26813,place,tourism_facility,MCP 추가 수집 필요,없음,0,,없음,없음,없음,해당 없음,없음,없음,번역명/상세일정/파트너 후보 검토
33,후쿠오카,善導寺,젠도지,,https://yokanavi.com/spots/27038,place,tourism_facility,MCP 추가 수집 필요,없음,0,,없음,없음,없음,해당 없음,없음,없음,번역명/상세일정/파트너 후보 검토
34,후쿠오카,大塚古墳,오오츠카 고분,,https://yokanavi.com/spots/26840,place,tourism_facility,MCP 추가 수집 필요,없음,0,,없음,없음,없음,해당 없음,없음,없음,번역명/상세일정/파트너 후보 검토
35,후쿠오카,妙典寺,묘텐지,,https://yokanavi.com/spots/26932,place,tourism_facility,MCP 추가 수집 필요,없음,0,,없음,없음,없음,해당 없음,없음,없음,번역명/상세일정/파트너 후보 검토
36,후쿠오카,妙楽寺,묘라쿠지 절,,https://yokanavi.com/spots/26934,place,tourism_facility,MCP 추가 수집 필요,없음,0,,없음,없음,없음,해당 없음,없음,없음,번역명/상세일정/파트너 후보 검토
37,후쿠오카,崇福寺,소후쿠지,,https://yokanavi.com/spots/26923,place,tourism_facility,MCP 추가 수집 필요,없음,0,,없음,없음,없음,해당 없음,없음,없음,번역명/상세일정/파트너 후보 검토
38,후쿠오카,川上音二郎生誕地,가와카미 오토지로 탄생지,,https://yokanavi.com/spots/27037,place,tourism_facility,MCP 추가 수집 필요,없음,0,,없음,없음,없음,해당 없음,없음,없음,번역명/상세일정/파트너 후보 검토
39,후쿠오카,志賀海神社,시카우미신사,,https://yokanavi.com/spots/26911,place,tourism_facility,MCP 추가 수집 필요,없음,0,,없음,없음,없음,해당 없음,없음,없음,번역명/상세일정/파트너 후보 검토
40,후쿠오카,愛宕神社（あたごじんじゃ）,아타고신사,,https://yokanavi.com/spots/26899,place,tourism_facility,MCP 추가 수집 필요,없음,0,,없음,없음,없음,해당 없음,없음,없음,번역명/상세일정/파트너 후보 검토
41,후쿠오카,承天寺,조텐지,,https://yokanavi.com/spots/26915,place,tourism_facility,MCP 추가 수집 필요,없음,0,,없음,없음,없음,해당 없음,없음,없음,번역명/상세일정/파트너 후보 검토
42,후쿠오카,東長寺,도초지 절,,https://yokanavi.com/spots/26928,place,tourism_facility,MCP 추가 수집 필요,없음,0,,없음,없음,없음,해당 없음,없음,없음,번역명/상세일정/파트너 후보 검토
43,후쿠오카,梅林古墳（うめばやしこふん）,우메바야시 고분,,https://yokanavi.com/spots/26843,place,tourism_facility,MCP 추가 수집 필요,없음,0,,없음,없음,없음,해당 없음,없음,없음,번역명/상세일정/파트너 후보 검토
44,후쿠오카,櫛田神社,구시다신사,,https://yokanavi.com/spots/26906,place,tourism_facility,부분 상품화 자산,1대1 대응 확인,1,0.55,"[당일] 눈과 입이 즐거운 식도락의 도시, 후쿠오카 시티투어 (비디오 가이드) #1+1",https://experiences.myrealtrip.com/products/3841906,tour_detail_confirmed,해당 없음,투어 상세 일정·소개·포함사항에서 실제 장소 방문을 직접 확인했다.,"전체 일정 · 코스1 · 구시다 신사의 본당: 구시다 신사의 본당 신에게 참배하는 장소입니다. 하지만, 우리는 참배를 하지 않는 게 좋겠죠~? 지붕에 신들의 모습을 재밌게 표현한 조각들과 영천학의 우물까지 살펴보겠습니다.",연결 상품 유지/확장 검토
45,후쿠오카,水鏡天満宮,스이쿄텐만구 신사,,https://yokanavi.com/spots/26949,place,tourism_facility,MCP 추가 수집 필요,없음,0,,없음,없음,없음,해당 없음,없음,없음,번역명/상세일정/파트너 후보 검토
46,후쿠오카,生の松原元寇防塁,이키노마쓰바라 몽고침입 방루터,,https://yokanavi.com/spots/26885,place,tourism_facility,MCP 추가 수집 필요,없음,0,,없음,없음,없음,해당 없음,없음,없음,번역명/상세일정/파트너 후보 검토
47,후쿠오카,白鬚神社,시라히게 신사,,https://yokanavi.com/spots/26918,place,tourism_facility,MCP 추가 수집 필요,없음,0,,없음,없음,없음,해당 없음,없음,없음,번역명/상세일정/파트너 후보 검토
48,후쿠오카,福岡城跡,후쿠오카 성터,,https://yokanavi.com/spots/26898,place,tourism_facility,부분 상품화 자산,1대다 대응 확인,2,0.3,"[당일] 눈과 입이 즐거운 식도락의 도시, 후쿠오카 시티투어 (비디오 가이드) #1+1 | 큐슈 이토시마 비경: 천여사 & 토토로 숲 산책로 & 부부암 & 후쿠오카 타워 일일 코스",https://experiences.myrealtrip.com/products/3841906 | https://experiences.myrealtrip.com/products/5735236,tour_detail_confirmed | tour_detail_confirmed,해당 없음,투어 상세 일정·소개·포함사항에서 실제 장소 방문을 직접 확인했다. | 투어 상세 일정·소개·포함사항에서 실제 장소 방문을 직접 확인했다.,"전체 일정 · 코스1 · 후쿠오카 성터: 후쿠오카 성터 이름에서 알 수 있듯이 성의 모습이 온전하지 않습니다. 그렇다고 해서 볼 게 없는 건 아니죠. 봄이면 벚꽃이 만개하는 '마이즈루 공원'에서 멋진 풍경을 즐겨보세요! 다음 코스로 이동하시는 길에 있는 후쿠오카의 번화가 '다이묘 거리'도 소개해 드리겠습니다. 그리고 후쿠오카 시에 있는 지역으로서 하카타를 인식하고 계실 텐데요. 과거에 후쿠오카와 하카타는 엄연히 다른 도시였습니다. 이 둘이 하나의 도시가 된 사연을 들려드릴게요! | 전체 일정 · 코스1 · 후쿠오카성터 & 마이즈루 공원: 후쿠오카성터 & 마이즈루 공원 ⛩️17세기 초 무장 구로다 요시타카와 그의 아들 나가마사가 7년에 걸쳐 축성한 후쿠오카성은 ‘마이즈루성’이라는 별칭으로도 불리며🏯, 에도 시대 큐슈 최대 규모의 번주 거성이었습니다. 현재 혼마루·니노마루 일대는 마이즈루 공원으로 정비되었으며, 48만㎡에 달하는 성터는 국가 사적으로 지정되었습니다. 공원 내에는 다몬 야구라, 시오미 야구라, 시모노하시 고몬 등 중요문화재가 다수 남아 있으며📜, 오텐슈다이(大天守臺)는 무료 전망대로 후쿠오카 시가지와 하카타만을 조망하기에 좋습니다🌃. 매년 봄이면 해자와 석벽을 따라 약 1,000그루의 소메이요시노 벚꽃이 만개하며🌸, 3월 하순부터 4월 상순까지 ‘후쿠오카성 벚꽃 축제’가 열려 밤에는 환상적인 라이트업이 펼쳐집니다✨. 또한 나라·헤이안 시대 국제 교류사를 전하는 고로칸(鴻臚館) 유적 전시관도 무료로 관람할 수 있습니다🏛️. 2월 매화, 6월 수국, 11월 은행나무 물결까지🍁, 사계절 자연과 역사가 어우러진 산책길이 방문객을 맞",연결 상품 유지/확장 검토
49,후쿠오카,福岡県護国神社,후쿠오카현 고코쿠신사,,https://yokanavi.com/spots/26943,place,tourism_facility,MCP 추가 수집 필요,없음,0,,없음,없음,없음,해당 없음,없음,없음,번역명/상세일정/파트너 후보 검토
50,후쿠오카,筥崎宮,하코자키궁,,https://yokanavi.com/spots/26931,place,tourism_facility,MCP 추가 수집 필요,없음,0,,없음,없음,없음,해당 없음,없음,없음,번역명/상세일정/파트너 후보 검토
51,후쿠오카,聖福寺,쇼후쿠지,,https://yokanavi.com/spots/26916,place,tourism_facility,MCP 추가 수집 필요,없음,0,,없음,없음,없음,해당 없음,없음,없음,번역명/상세일정/파트너 후보 검토
52,후쿠오카,若八幡宮,와카하치만구,,https://yokanavi.com/spots/118282,place,tourism_facility,MCP 추가 수집 필요,없음,0,,없음,없음,없음,해당 없음,없음,없음,번역명/상세일정/파트너 후보 검토
53,후쿠오카,荘厳寺,쇼곤지,,https://yokanavi.com/spots/76960,place,tourism_facility,MCP 추가 수집 필요,없음,0,,없음,없음,없음,해당 없음,없음,없음,번역명/상세일정/파트너 후보 검토
54,후쿠오카,西新元寇防塁,니시진 몽고침입 방루터,,https://yokanavi.com/spots/26892,place,tourism_facility,MCP 추가 수집 필요,없음,0,,없음,없음,없음,해당 없음,없음,없음,번역명/상세일정/파트너 후보 검토
55,후쿠오카,那珂八幡古墳（なかはちまんこふん）,나카하치망 고분,,https://yokanavi.com/spots/26859,place,tourism_facility,MCP 추가 수집 필요,없음,0,,없음,없음,없음,해당 없음,없음,없음,번역명/상세일정/파트너 후보 검토
56,후쿠오카,金印公園,긴인 공원,,https://yokanavi.com/spots/26826,place,tourism_facility,MCP 추가 수집 필요,없음,0,,없음,없음,없음,해당 없음,없음,없음,번역명/상세일정/파트너 후보 검토
57,후쿠오카,香椎宮,카시이구,,https://yokanavi.com/spots/26903,place,tourism_facility,MCP 추가 수집 필요,없음,0,,없음,없음,없음,해당 없음,없음,없음,번역명/상세일정/파트너 후보 검토
58,후쿠오카,鴻臚館跡展示館,'고로칸 터' 전시관,,https://yokanavi.com/spots/27133,place,tourism_facility,MCP 추가 수집 필요,없음,0,,없음,없음,없음,해당 없음,없음,없음,번역명/상세일정/파트너 후보 검토
59,후쿠오카,龍宮寺,류구지 절,,https://yokanavi.com/spots/26937,place,tourism_facility,MCP 추가 수집 필요,없음,0,,없음,없음,없음,해당 없음,없음,없음,번역명/상세일정/파트너 후보 검토
60,후쿠오카,ABURAYAMA FUKUOKA,모모랜드 아부라야마 목장,,https://yokanavi.com/spots/26804,place,tourism_facility,MCP 추가 수집 필요,없음,0,,없음,없음,없음,해당 없음,없음,없음,번역명/상세일정/파트너 후보 검토
61,후쿠오카,のこのしまアイランドパーク,노코노시마 아일랜드 파크,,https://yokanavi.com/spots/26801,place,tourism_facility,MCP 추가 수집 필요,없음,0,,없음,없음,없음,해당 없음,없음,없음,번역명/상세일정/파트너 후보 검토
62,후쿠오카,シーサイドももち海浜公園,시사이드 모모치 해변 공원,,https://yokanavi.com/spots/27128,place,tourism_facility,MCP 추가 수집 필요,없음,0,,없음,없음,없음,해당 없음,없음,없음,번역명/상세일정/파트너 후보 검토
63,후쿠오카,マリゾン,마리존,,https://yokanavi.com/spots/26797,place,tourism_facility,MCP 추가 수집 필요,없음,0,,없음,없음,없음,해당 없음,없음,없음,번역명/상세일정/파트너 후보 검토
64,후쿠오카,出来町公園,데키마치 공원,,https://yokanavi.com/spots/119808,place,tourism_facility,MCP 추가 수집 필요,없음,0,,없음,없음,없음,해당 없음,없음,없음,번역명/상세일정/파트너 후보 검토
65,후쿠오카,博多ポートタワー,하카타 포트타워,,https://yokanavi.com/spots/27014,place,tourism_facility,MCP 추가 수집 필요,없음,0,,없음,없음,없음,해당 없음,없음,없음,번역명/상세일정/파트너 후보 검토
66,후쿠오카,友泉亭公園,유센테이 공원,,https://yokanavi.com/spots/26829,place,tourism_facility,MCP 추가 수집 필요,없음,0,,없음,없음,없음,해당 없음,없음,없음,번역명/상세일정/파트너 후보 검토
67,후쿠오카,大濠公園,오호리 공원,,https://yokanavi.com/spots/26825,place,tourism_facility,검증된 대표 경험,1대다 대응 확인,3,0.0,"[큐슈] 2박3일 관광 온천 맛집 프라이빗 투어! | [당일] 눈과 입이 즐거운 식도락의 도시, 후쿠오카 시티투어 (비디오 가이드) #1+1 | 후쿠오카 1일투어［오호리공원 일본정원&♡고야이섬♡(아이노시마 相島)&다자이후텐만구］",https://experiences.myrealtrip.com/products/3509074 | https://experiences.myrealtrip.com/products/3841906 | https://experiences.myrealtrip.com/products/4435009,tour_detail_confirmed | tour_detail_confirmed | tour_detail_confirmed,해당 없음,투어 상세 일정·소개·포함사항에서 실제 장소 방문을 직접 확인했다. | 투어 상세 일정·소개·포함사항에서 실제 장소 방문을 직접 확인했다. | 투어 상세 일정·소개·포함사항에서 실제 장소 방문을 직접 확인했다.,"전체 일정 · 코스1 · [첫째날] 오호리공원 관광: [첫째날] 오호리공원 관광 후쿠오카성의 영주였던 쿠로다 나가마사가 후쿠오카 성을 축성할 당시 성을 보호할 목적으로 성벽 둘레에 판 구덩이 (오호리)라 하여 그 이름이 유래가 되어 지금의 오호리공원의 이름이 지어지게 되었습니다~ 1929년개장을 시작한 오호리 공원은 일본에서 손꼽히는 물의 공원으로 여름에는 불꽃놀이가 가장 볼만한 곳이며 시민 휴식터로서 널리 사랑받고 있는 곳입니다~ | 전체 일정 · 코스1 · 오호리 공원(大濠公園): 오호리 공원(大濠公園) 도심 속 오아시스 같은 한적한 공원이죠. 잔잔하고 큰 호수와 걷기 좋은 산책로를 걷다 보면, 여유를 느낄 수 있는 곳입니다. 공원의 규모가 커서 여행 일정을 고려하여 방문 여부를 결정해 주세요. | 상품 4435009: <h2>후쿠오카 대표적인 일본정원 그리고 냥집사 필견!! 세계적인 고양이의 낙원 과 &nbsp;학문 문화 예술 신 다자이후텐만구［오호리공원 일본정원 ♡고야이섬♡(아이노시마 相島)&...",번역명/상세일정/파트너 후보 검토
68,후쿠오카,大濠公園日本庭園,오호리 공원 일본정원,,https://yokanavi.com/spots/26983,place,tourism_facility,부분 상품화 자산,1대1 대응 확인,1,0.55,후쿠오카 1일투어［오호리공원 일본정원&♡고야이섬♡(아이노시마 相島)&다자이후텐만구］,https://experiences.myrealtrip.com/products/4435009,tour_detail_confirmed,해당 없음,투어 상세 일정·소개·포함사항에서 실제 장소 방문을 직접 확인했다.,상품 4435009: <h2>후쿠오카 대표적인 일본정원 그리고 냥집사 필견!! 세계적인 고양이의 낙원 과 &nbsp;학문 문화 예술 신 다자이후텐만구［오호리공원 일본정원 ♡고야이섬♡(아이노시마 相島)&...,연결 상품 유지/확장 검토
69,후쿠오카,志賀島,시카노시마,,https://yokanavi.com/spots/27159,place,tourism_facility,MCP 추가 수집 필요,없음,0,,없음,없음,없음,해당 없음,없음,없음,번역명/상세일정/파트너 후보 검토
70,후쿠오카,松風園,쇼후엔,,https://yokanavi.com/spots/27157,place,tourism_facility,MCP 추가 수집 필요,없음,0,,없음,없음,없음,해당 없음,없음,없음,번역명/상세일정/파트너 후보 검토
71,후쿠오카,楽水園,라쿠스이엔 정원,,https://yokanavi.com/spots/26831,place,tourism_facility,MCP 추가 수집 필요,없음,0,,없음,없음,없음,해당 없음,없음,없음,번역명/상세일정/파트너 후보 검토
72,후쿠오카,海の中道海浜公園,국영 우미노나카미치 해변공원,,https://yokanavi.com/spots/26799,place,tourism_facility,검증된 대표 경험,1대다 대응 확인,3,0.0,[후쿠오카/프라이빗] 일본 후쿠오카 근교 1일 프라이빗 투어 (FUK-1011) | [유후인/벳푸/후쿠오카 프라이빗] 일본 큐슈 2일 프라이빗 투어 (FUK-2020) | [후쿠오카/유후인/벳푸/구마모토 프라이빗] 일본 큐슈 3일 알찬 투어 (FUK-2030),https://experiences.myrealtrip.com/products/4157435 | https://experiences.myrealtrip.com/products/4159277 | https://experiences.myrealtrip.com/products/4159287,tour_detail_confirmed | tour_detail_confirmed | tour_detail_confirmed,해당 없음,투어 상세 일정·소개·포함사항에서 실제 장소 방문을 직접 확인했다. | 투어 상세 일정·소개·포함사항에서 실제 장소 방문을 직접 확인했다. | 투어 상세 일정·소개·포함사항에서 실제 장소 방문을 직접 확인했다.,"전체 일정 · 코스1 · ◆ 우미노나카미치 해변 공원: ◆ 우미노나카미치 해변 공원 후쿠오카와 시카노시마를 연결하는 해상공원으로 후쿠오카 도심에서 매우 가까운 거리의 대형 리조트 지역입니다, 세계 제5위의 대형 공원공원을 목표로 조성한 공원인 만큼 면적 약 450ha의 규모가 광대합니다. 공원 안에는 자연의 멋을 그대로 살린 광장과 못, 대관람차, 동물의 숲, 들생의 숲, 수족관 마린월드, 수영장등 다양한 오락시설이 흩어져 있습니다. ☞ 이용 시간: 9:30 ~ 16:30(3-10월), 9:30 ~ 16:00(11-2월) 이용 요금: ￥410(어른), ￥80(초,중학생) | 전체 일정 · 코스1 · ◆ 우미노나카미치 해변 공원: ◆ 우미노나카미치 해변 공원 후쿠오카와 시카노시마를 연결하는 해상공원으로 후쿠오카 도심에서 매우 가까운 거리의 대형 리조트 지역입니다, 세계 제5위의 대형 공원공원을 목표로 조성한 공원인 만큼 면적 약 450ha의 규모가 광대합니다. 공원 안에는 자연의 멋을 그대로 살린 광장과 못, 대관람차, 동물의 숲, 들생의 숲, 수족관 마린월드, 수영장등 다양한 오락시설이 흩어져 있습니다. ☞ 이용 시간: 9:30 ~ 16:30(3-10월), 9:30 ~ 16:00(11-2월) 이용 요금: ￥410(어른), ￥80(초,중학생) | 전체 일정 · 코스1 · ◆ 우미노나카미치 해변 공원: ◆ 우미노나카미치 해변 공원 후쿠오카와 시카노시마를 연결하는 해상공원으로 후쿠오카 도심에서 매우 가까운 거리의 대형 리조트 지역입니다, 세계 제5위의 대형 공원공원을 목표로 조성한 공원인 만큼 면적 약 450ha의 규모가 광대합니다. 공원 안에는 자연의 멋을 그대로 살린 광장과 못, 대관람차, 동물의 숲, 들생의 숲, 수족관 마린월드, 수영장등 다양한 오락시설이 흩어져 있습니다. ☞ 이용 시간: 9:30 ~ 16:30(3-10월), 9:30 ~ 16:00(11-2월) 이용 요금: ￥410(어른), ￥80(초,중학생)",번역명/상세일정/파트너 후보 검토
73,후쿠오카,福岡タワー,후쿠오카 타워,,https://yokanavi.com/spots/26798,place,tourism_facility,검증된 대표 경험,1대다 대응 확인,7,0.0,"후쿠오카 타워 전망대 입장권 | [즉시확정/당일사용] 후쿠오카 타워 전망대 입장권 | 1DAY 드라이빙 맞춤여행 투어! 후쿠오카 시내 근교지역을 자유롭게 맞춤투어 / 로컬투어 | 후쿠오카 시내 지역을 쉽고! 짧고! 굵게! 확실하게! 반나절동안 차량으로 드라이빙 투어 | [당일] 눈과 입이 즐거운 식도락의 도시, 후쿠오카 시티투어 (비디오 가이드) #1+1 | 처음 후쿠오카를 방문하시는 분들을 위한 투어: 음식, 문화 그리고 역사 (B-0085) | 후쿠오카 출발: 이토시마 1일투어[영어 가이드]",https://www.myrealtrip.com/offers/125248 | https://experiences.myrealtrip.com/products/6083008 | https://experiences.myrealtrip.com/products/3520869 | https://experiences.myrealtrip.com/products/3521464 | https://experiences.myrealtrip.com/products/3841906 | https://experiences.myrealtrip.com/products/4298416 | https://experiences.myrealtrip.com/products/4614363,ticket_product_confirmed | ticket_product_confirmed | tour_detail_confirmed | tour_detail_confirmed | tour_detail_confirmed | tour_detail_confirmed | tour_detail_confirmed,해당 없음,입장권은 상품 자체가 해당 시설 이용권이므로 제목/상품명 매칭을 강한 근거로 본다. | 입장권은 상품 자체가 해당 시설 이용권이므로 제목/상품명 매칭을 강한 근거로 본다. | 투어 상세 일정·소개·포함사항에서 실제 장소 방문을 직접 확인했다. | 투어 상세 일정·소개·포함사항에서 실제 장소 방문을 직접 확인했다. | 투어 상세 일정·소개·포함사항에서 실제 장소 방문을 직접 확인했다. | 투어 상세 일정·소개·포함사항에서 실제 장소 방문을 직접 확인했다. | 투어 상세 일정·소개·포함사항에서 실제 장소 방문을 직접 확인했다.,"후쿠오카 타워 | 후쿠오카 타워 | 전체 일정 · 코스1 · 후쿠오카 타워 / 시사이드 모모치 해변: 후쿠오카 타워 / 시사이드 모모치 해변 일본 최고의 높이를 자랑하는 후쿠오카의 랜드마크인 후쿠오카 타워가 있는 시사이드 모모치 해변공원은 주위에 자연과 어우러진 산책로와 페이페이 돔과 마리존, 마크이즈 쇼핑몰이 위치해 있어 후쿠오카시의 인기 데이트 장소이기도 합니다 | 전체 일정 · 코스1 · 01) 가이드 추천 옵션 선택 ➜ 후쿠오카 타워 (모모치 해변) + 마리노아시티 후쿠오카 아울렛 쇼핑몰: 01) 가이드 추천 옵션 선택 ➜ 후쿠오카 타워 (모모치 해변) + 마리노아시티 후쿠오카 아울렛 쇼핑몰 < 후쿠오카타워 (모모치해변) + 마리노아시티 후쿠오카 쇼핑몰 > 심플한 코스로 부담없는 소요시간과 합리적인 비용으로 후쿠오카의 랜드마크인 일본에서 3번째로 높은 후쿠오카 타워와 송림숲이 길다란 해변가로 뻗어있는 모모치 해변 공원, 후쿠오카 아울렛 매장이 있는 마리노아시티 후쿠오카를 프라이빗 차량으로 둘러 보실수 있도록 구성된 심플한 코스입니다. | 전체 일정 · 코스1 · 후쿠오카 타워: 후쿠오카 타워 후쿠오카의 대표 랜드마크죠! 계절이나 기념일마다 다른 테마를 가지는 일루미네이션과 후쿠오카의 전망을 360도 파노라마로 볼 수 있는 곳입니다. 아름다운 뷰를 자랑하는 이곳에서 투어를 마무리 해볼게요. | 전체 일정 · 코스1 · 14:30 후쿠오카 타워: 14:30 후쿠오카 타워 | 전체 일정 · 코스1 · 16:40 ▼후쿠오카 타워 & 해변 공원(자유 시간, 입장료 별도): 16:40 ▼후쿠오카 타워 & 해변 공원(자유 시간, 입장료 별도)",번역명/상세일정/파트너 후보 검토
74,후쿠오카,能古島,노코노시마 섬,,https://yokanavi.com/spots/26970,place,tourism_facility,부분 상품화 자산,1대1 대응 확인,1,0.55,<후쿠오카/유후인/벳푸> VIP프라이빗 맞춤 투어 [여행자보증보험가입업체],https://experiences.myrealtrip.com/products/3885537,tour_detail_confirmed,해당 없음,투어 상세 일정·소개·포함사항에서 실제 장소 방문을 직접 확인했다.,전체 일정 · 코스1 · 후쿠오카출발 노코노시마 이토시마 코스: 후쿠오카출발 노코노시마 이토시마 코스 8:30 출발 → 9:00 메이노하마선착장 9:15 메이노하마선착장 → 9:25 노코노시마선착장 9:45 노코노시마선착장 전용버스 탑승 → 9:55 노코노시마 13:00 노코노시마선착장 → 13:10 메이노하마선착장 13:20 메이노하마선착장 → 14:00 팜비치가든 14:40 팜비치가든→ 14:45 후타미가우라 15:25 후타미가우라→ 15:40 사쿠라이신사 16:10 사쿠라이신사→16:20 런던버스 에리어 17:00 마타이치노시오→ 17:45,연결 상품 유지/확장 검토
75,후쿠오카,西公園,니시 공원,,https://yokanavi.com/spots/26827,place,tourism_facility,MCP 추가 수집 필요,없음,0,,없음,없음,없음,해당 없음,없음,없음,번역명/상세일정/파트너 후보 검토
76,후쿠오카,JR博多シティ,JR하카타 시티,,https://yokanavi.com/spots/27174,place,tourism_facility,MCP 추가 수집 필요,없음,0,,없음,없음,없음,해당 없음,없음,없음,번역명/상세일정/파트너 후보 검토
77,후쿠오카,勝馬海水浴場,가쓰마 해수욕장,,https://yokanavi.com/spots/27000,place,tourism_facility,MCP 추가 수집 필요,없음,0,,없음,없음,없음,해당 없음,없음,없음,번역명/상세일정/파트너 후보 검토
78,후쿠오카,大原海水浴場,오바루 해수욕장,,https://yokanavi.com/spots/27002,place,tourism_facility,MCP 추가 수집 필요,없음,0,,없음,없음,없음,해당 없음,없음,없음,번역명/상세일정/파트너 후보 검토
79,후쿠오카,小戸公園,오도 공원,,https://yokanavi.com/spots/26958,place,tourism_facility,MCP 추가 수집 필요,없음,0,,없음,없음,없음,해당 없음,없음,없음,번역명/상세일정/파트너 후보 검토
80,후쿠오카,志賀島海水浴場（しかのしまかいすいよくじょう）,시카노시마 해수욕장,,https://yokanavi.com/spots/27001,place,tourism_facility,MCP 추가 수집 필요,없음,0,,없음,없음,없음,해당 없음,없음,없음,번역명/상세일정/파트너 후보 검토
81,후쿠오카,能古島海水浴場,노코노시마 해수욕장,,https://yokanavi.com/spots/27003,place,tourism_facility,MCP 추가 수집 필요,없음,0,,없음,없음,없음,해당 없음,없음,없음,번역명/상세일정/파트너 후보 검토
82,히로시마,縮景園,슛케이엔,,https://shukkeien.jp/,place,tourism_facility,부분 상품화 자산,1대다 대응 확인,2,0.3,히로시마/미야지마 7시간 프라이빗 투어 (가이드 포함) | 히로시마 투어 (현지 음식 시식 포함),https://experiences.myrealtrip.com/products/5542718 | https://experiences.myrealtrip.com/products/5542744,tour_detail_confirmed | tour_detail_confirmed,해당 없음,투어 상세 일정·소개·포함사항에서 실제 장소 방문을 직접 확인했다. | 투어 상세 일정·소개·포함사항에서 실제 장소 방문을 직접 확인했다.,전체 일정 · 코스1 · 슈케이엔 정원: 슈케이엔 정원 | ✅ 포함 사항: • • 슈케이엔 정원 입장료 • 영어 구사 가능한 가이드 • 3시간 로컬 가이드 투어 • 6-8종 음식 시식 • 2종 음료 (주류 혹은 음료),연결 상품 유지/확장 검토
83,히로시마,ひろしま遊学の森 広島県緑化センター,히로시마유우가쿠노모리 히로시마켄료카센타,,https://ryokka-c.jp/,place,tourism_facility,MCP 추가 수집 필요,없음,0,,없음,없음,없음,해당 없음,없음,없음,번역명/상세일정/파트너 후보 검토
84,히로시마,ひろしま遊学の森 広島市森林公園（こんちゅう館）,히로시마유우가쿠노모리 히로시마시신린공원(콘추우칸),,http://www.hiro-kon.jp/,place,tourism_facility,MCP 추가 수집 필요,없음,0,,없음,없음,없음,해당 없음,없음,없음,번역명/상세일정/파트너 후보 검토
85,히로시마,渝華園(中国庭園),유화원(중국정원),,https://www.hiroshima-navi.or.jp/post/006141.html,place,tourism_facility,MCP 추가 수집 필요,없음,0,,없음,없음,없음,해당 없음,없음,없음,번역명/상세일정/파트너 후보 검토
86,히로시마,広島市安佐動物公園,히로시마시 아사 동물공원,,http://www.asazoo.jp/,place,tourism_facility,MCP 추가 수집 필요,없음,0,,없음,없음,없음,해당 없음,없음,없음,번역명/상세일정/파트너 후보 검토
87,히로시마,花みどり公園,하나미도리공원,,http://www.haff.city.hiroshima.jp/info/hanamidori/,place,tourism_facility,MCP 추가 수집 필요,없음,0,,없음,없음,없음,해당 없음,없음,없음,번역명/상세일정/파트너 후보 검토
88,히로시마,広島市植物公園,히로시마시 식물공원,,http://www.hiroshima-bot.jp/,place,tourism_facility,MCP 추가 수집 필요,없음,0,,없음,없음,없음,해당 없음,없음,없음,번역명/상세일정/파트너 후보 검토
89,히로시마,広島県立美術館,히로시마현립미술관,,https://www.hpam.jp/museum/,place,tourism_facility,MCP 추가 수집 필요,없음,0,,없음,없음,없음,해당 없음,없음,없음,번역명/상세일정/파트너 후보 검토
90,히로시마,広島市映像文化ライブラリー,히로시마시 영상문화라이브러리,,http://www.cf.city.hiroshima.jp/eizou/,place,tourism_facility,MCP 추가 수집 필요,없음,0,,없음,없음,없음,해당 없음,없음,없음,번역명/상세일정/파트너 후보 검토
91,히로시마,ひろしま美術館,히로시마미술관,,https://hiroshima-museum.jp/,place,tourism_facility,MCP 추가 수집 필요,없음,0,,없음,없음,없음,해당 없음,없음,없음,번역명/상세일정/파트너 후보 검토
92,히로시마,5-Daysこども文化科学館（プラネタリウム）,5-Days 어린이문화과학관(플라네타륨),,http://www.pyonta.city.hiroshima.jp/,place,tourism_facility,MCP 추가 수집 필요,없음,0,,없음,없음,없음,해당 없음,없음,없음,번역명/상세일정/파트너 후보 검토
93,히로시마,広島城,히로시마성,,http://www.rijo-castle.jp/,place,tourism_facility,부분 상품화 자산,1대다 대응 확인,2,0.3,"히로시마/미야지마 7시간 프라이빗 투어 (가이드 포함) | 히로시마 일일관광 - 미야지마, 평화공원, 원폭돔, 히로시마성",https://experiences.myrealtrip.com/products/5542718 | https://experiences.myrealtrip.com/products/4192026,tour_detail_confirmed | tour_detail_confirmed,exclusion_only,투어 상세 일정·소개·포함사항에서 실제 장소 방문을 직접 확인했다. | 투어 상세 일정·소개·포함사항에서 실제 장소 방문을 직접 확인했다.,전체 일정 · 코스1 · 히로시마 성: 히로시마 성 | 상세 코스: 16:30 히로시마 성 도착 및 견학,연결 상품 유지/확장 검토
94,히로시마,広島平和記念資料館,히로시마 평화기념자료관,,http://hpmmuseum.jp/,place,tourism_facility,검증된 대표 경험,1대다 대응 확인,3,0.0,히로시마 & 미야지마 일일 투어 | 히로시마 & 미야지마 일일 투어 (히로시마 출발) | [히로시마] 평화기념관 + 미야지마 이쓰쿠시마 신사 :: 유네스코 등재지 1일 투어,https://experiences.myrealtrip.com/products/5542730 | https://experiences.myrealtrip.com/products/5542738 | https://experiences.myrealtrip.com/products/5905368,tour_detail_confirmed | tour_detail_confirmed | tour_detail_confirmed,detail_unavailable,투어 상세 일정·소개·포함사항에서 실제 장소 방문을 직접 확인했다. | 투어 상세 일정·소개·포함사항에서 실제 장소 방문을 직접 확인했다. | 투어 상세 일정·소개·포함사항에서 실제 장소 방문을 직접 확인했다.,"전체 일정 · 코스1 · 히로시마 평화기념자료관 (1시간 소요): 히로시마 평화기념자료관 (1시간 소요) 태평양 전쟁이 끝난 후 1949년에 설립된 대규모 공원으로, 평화의 상징으로 수많은 방문객이 찾고 있습니다. | 전체 일정 · 코스1 · 14:30 히로시마 평화기념자료관: 14:30 히로시마 평화기념자료관 | 상품 소개: 평화 기념 박물관 방문; 포함사항: 박물관 입장료",번역명/상세일정/파트너 후보 검토
95,히로시마,国立広島原爆死没者追悼平和祈念館,국립 히로시마 원폭사망자 추도평화기념관,,https://www.hiro-tsuitokinenkan.go.jp/,place,tourism_facility,MCP 추가 수집 필요,없음,0,,없음,없음,없음,해당 없음,없음,없음,번역명/상세일정/파트너 후보 검토
96,히로시마,本川小学校平和資料館,혼카와초등학교 평화자료관,,https://www.hiroshima-navi.or.jp/post/006058.html,place,tourism_facility,MCP 추가 수집 필요,없음,0,,없음,없음,없음,해당 없음,없음,없음,번역명/상세일정/파트너 후보 검토
97,히로시마,袋町小学校平和資料館,후쿠로마치초등학교 평화자료관,,http://www.fukuromachi-e.edu.city.hiroshima.jp/shiryoukan-index.htm,place,tourism_facility,MCP 추가 수집 필요,없음,0,,없음,없음,없음,해당 없음,없음,없음,번역명/상세일정/파트너 후보 검토
98,히로시마,広島市健康づくりセンター健康科学館,히로시마시 건강과학관,,http://www.kenkou.city.hiroshima.jp/,place,tourism_facility,MCP 추가 수집 필요,없음,0,,없음,없음,없음,해당 없음,없음,없음,번역명/상세일정/파트너 후보 검토
99,히로시마,広島市江波山気象館,히로시마시 에바야마 기상관,,http://www.ebayama.jp/,place,tourism_facility,MCP 추가 수집 필요,없음,0,,없음,없음,없음,해당 없음,없음,없음,번역명/상세일정/파트너 후보 검토
100,히로시마,頼山陽史跡資料館,라이 산요 사적자료관,,https://www.pref.hiroshima.lg.jp/site/raisanyou/,place,tourism_facility,MCP 추가 수집 필요,없음,0,,없음,없음,없음,해당 없음,없음,없음,번역명/상세일정/파트너 후보 검토
101,히로시마,広島市現代美術館,히로시마시 현대미술관,,https://www.hiroshima-moca.jp/,place,tourism_facility,MCP 추가 수집 필요,없음,0,,없음,없음,없음,해당 없음,없음,없음,번역명/상세일정/파트너 후보 검토
102,히로시마,広島市郷土資料館,히로시마시 향토자료관,,http://www.cf.city.hiroshima.jp/kyodo/html/00top/topfrm.htm,place,tourism_facility,MCP 추가 수집 필요,없음,0,,없음,없음,없음,해당 없음,없음,없음,번역명/상세일정/파트너 후보 검토
103,히로시마,広島大学医学部医学資料館,히로시마대학교 의학부 의학자료관,,https://www.hiroshima-u.ac.jp/med/about/Institute_of_History_of_Medicine,place,tourism_facility,MCP 추가 수집 필요,없음,0,,없음,없음,없음,해당 없음,없음,없음,번역명/상세일정/파트너 후보 검토
104,히로시마,ヌマジ交通ミュージアム（広島市交通科学館）,누마지 교통박물관(히로시마시 교통과학관),,http://www.vehicle.city.hiroshima.jp/VEHICLE_HP/Contents/01_home/0100_top/pg_top.html,place,tourism_facility,MCP 추가 수집 필요,없음,0,,없음,없음,없음,해당 없음,없음,없음,번역명/상세일정/파트너 후보 검토
105,히로시마,泉美術館,이즈미미술관,,http://www.izumi-museum.jp/,place,tourism_facility,MCP 추가 수집 필요,없음,0,,없음,없음,없음,해당 없음,없음,없음,번역명/상세일정/파트너 후보 검토
106,히로시마,広島市まんが図書館,히로시마시 만화도서관,,https://www.library.city.hiroshima.jp/manga/,place,tourism_facility,MCP 추가 수집 필요,없음,0,,없음,없음,없음,해당 없음,없음,없음,번역명/상세일정/파트너 후보 검토
107,히로시마,広島市水産振興センター(魚と漁業の資料展示室),히로시마시 수산진흥센터 물고기·어업 자료전시실,,http://www.haff.city.hiroshima.jp/suisansc/tenji_top.html,place,tourism_facility,MCP 추가 수집 필요,없음,0,,없음,없음,없음,해당 없음,없음,없음,번역명/상세일정/파트너 후보 검토
108,히로시마,広島市水道資料館,히로시마시 수도자료관,,http://www.water.city.hiroshima.jp/jigyo/library/,place,tourism_facility,MCP 추가 수집 필요,없음,0,,없음,없음,없음,해당 없음,없음,없음,번역명/상세일정/파트너 후보 검토
109,히로시마,おりづるタワー,오리즈루 타워,,https://www.orizurutower.jp/,place,tourism_facility,부분 상품화 자산,1대다 대응 확인,2,0.3,히로시마 오리즈루 타워 전망대 입장권 (종이학 투입 체험 포함) | 히로시마 오리즈루 타워 입장권,https://experiences.myrealtrip.com/products/6082904 | https://experiences.myrealtrip.com/products/5869281,ticket_product_confirmed | ticket_product_confirmed,해당 없음,입장권은 상품 자체가 해당 시설 이용권이므로 제목/상품명 매칭을 강한 근거로 본다. | 입장권은 상품 자체가 해당 시설 이용권이므로 제목/상품명 매칭을 강한 근거로 본다.,오리즈루 타워 | 오리즈루 타워,연결 상품 유지/확장 검토
