都道府県コード又は市区町村コード,NO,都道府県名,市区町村名,遺跡番号,遺跡名称,名称_カナ,遺跡の種類,遺跡の時代,所在地,電話番号,備考
202142,400090001,長野県,茅野市,1,大河原,オオガワラ,散布地,弥生,長野県茅野市北山,0266-76-2386,
202142,400090002,長野県,茅野市,2,城ノ平,ジョウノダイラ,散布地・生産遺跡,旧石器・縄文,長野県茅野市北山蓼科,0266-76-2386,
202142,400090003,長野県,茅野市,3,十文字平,ジュウモンジダイラ,散布地,旧石器,長野県茅野市北山緑山,0266-76-2386,
202142,400090004,長野県,茅野市,4,蓼科,タテシナ,集落跡,縄文,長野県茅野市北山蓼科,0266-76-2386,
202142,400090005,長野県,茅野市,5,渋川Ⅰ,シブカワイチ,散布地,旧石器,長野県茅野市北山蓼科,0266-76-2386,
202142,400090006,長野県,茅野市,6,渋川Ⅱ,シブカワニ,散布地,旧石器,長野県茅野市北山蓼科,0266-76-2386,
202142,400090007,長野県,茅野市,7,琵琶石岩陰,ビワイシイワカゲ,集落跡,旧石器・縄文,長野県茅野市北山白樺湖,0266-76-2386,
202142,400090008,長野県,茅野市,8,南岸,ナンガン,散布地,旧石器・平安,長野県茅野市北山白樺湖,0266-76-2386,
202142,400090009,長野県,茅野市,9,御座岩岩陰,ゴザイワイワカゲ,散布地,旧石器・縄文･弥生・平安・中世,長野県茅野市北山白樺湖,0266-76-2386,
202142,400090010,長野県,茅野市,10,御小屋之久保,オコヤノクボ,散布地,旧石器・縄文・平安,長野県茅野市北山白樺湖,0266-76-2386,
202142,400090011,長野県,茅野市,11,山の神,ヤマノカミ,集落跡,平安,長野県茅野市北山柏原,0266-76-2386,
202142,400090012,長野県,茅野市,12,奈良宇崎,ナラウザキ,集落跡,縄文・平安,長野県茅野市北山柏原,0266-76-2386,
202142,400090013,長野県,茅野市,13,栃窪岩陰,トチクボイワカゲ,散布地,旧石器・縄文・弥生・平安・近世,長野県茅野市北山柏原,0266-76-2386,
202142,400090014,長野県,茅野市,14,上の棚,ウエノタナ,集落跡,縄文,長野県茅野市北山柏原,0266-76-2386,
202142,400090015,長野県,茅野市,15,キツネ原,キツネッパラ,集落跡,縄文,長野県茅野市北山柏原,0266-76-2386,
202142,400090016,長野県,茅野市,16,矢の口,ヤノクチ,集落跡,縄文・平安,長野県茅野市北山湯川,0266-76-2386,
202142,400090017,長野県,茅野市,17,上之段,ウエノダン,集落跡,縄文・弥生・平安,長野県茅野市北山湯川,0266-76-2386,
202142,400090018,長野県,茅野市,18,高風呂,タカブロ,集落跡,縄文,長野県茅野市北山湯川,0266-76-2386,
202142,400090019,長野県,茅野市,19,窪田,クボタ,集落跡,縄文,長野県茅野市北山湯川,0266-76-2386,
202142,400090020,長野県,茅野市,20,枡形,マスガタ,集落跡・城館跡,縄文・平安・中世,長野県茅野市北山湯川,0266-76-2386,
202142,400090021,長野県,茅野市,21,上の平,ウエノダイラ,集落跡,縄文,長野県茅野市北山湯川,0266-76-2386,
202142,400090022,長野県,茅野市,22,湯川経塚,ユガワキョウヅカ,経塚,中世,長野県茅野市北山湯川,0266-76-2386,
202142,400090023,長野県,茅野市,23,イモリ沢,イモリザワ,集落跡,縄文,長野県茅野市北山湯川,0266-76-2386,
202142,400090024,長野県,茅野市,24,上ゲ溝,アゲミゾ,集落跡,縄文,長野県茅野市北山芹ヶ沢,0266-76-2386,
202142,400090025,長野県,茅野市,25,横山,ヨコヤマ,集落跡,縄文,長野県茅野市米沢塩沢,0266-76-2386,
202142,400090026,長野県,茅野市,26,上の平,ウエノダイラ,散布地・集落跡,旧石器・縄文・中世,長野県茅野市米沢塩沢,0266-76-2386,
202142,400090027,長野県,茅野市,27,丸山,マルヤマ,集落跡,縄文,長野県茅野市米沢塩沢,0266-76-2386,
202142,400090028,長野県,茅野市,28,よせの台,ヨセノダイ,集落跡,縄文,長野県茅野市米沢塩沢,0266-76-2386,
202142,400090029,長野県,茅野市,29,芝ノ木,シバノキ,集落跡,旧跡・縄文・弥生・中世,長野県茅野市米沢塩沢・北大塩,0266-76-2386,
202142,400090030,長野県,茅野市,30,一ノ瀬,イチノセ,散布地・集落跡,旧石器・縄文・平安・近世,長野県茅野市米沢塩沢・北大塩,0266-76-2386,
202142,400090031,長野県,茅野市,31,鳥の窪,トリノクボ,集落跡,縄文・中世,長野県茅野市米沢北大塩,0266-76-2386,
202142,400090032,長野県,茅野市,32,大六殿上,ダイロクデンウエ,集落跡,平安,長野県茅野市米沢北大塩,0266-76-2386,
202142,400090033,長野県,茅野市,33,大六殿,ダイロクデン,集落跡,縄文・平安・近現代,長野県茅野市米沢北大塩,0266-76-2386,
202142,400090034,長野県,茅野市,34,駒形,コマガタ,散布地・集落跡,旧石器・縄文・平安,長野県茅野市米沢北大塩,0266-76-2386,
202142,400090035,長野県,茅野市,35,大清水,オオシミズ,散布地,縄文,長野県茅野市米沢北大塩,0266-76-2386,
202142,400090036,長野県,茅野市,36,上の山,ウエノヤマ,集落跡,縄文,長野県茅野市米沢北大塩,0266-76-2386,
202142,400090037,長野県,茅野市,37,向林,ムカイバヤシ,集落跡,縄文,長野県茅野市米沢北大塩,0266-76-2386,
202142,400090038,長野県,茅野市,38,三軒屋,サンゲンヤ,集落跡,縄文,長野県茅野市米沢北大塩,0266-76-2386,
202142,400090039,長野県,茅野市,39,大桜,オオザクラ,集落跡,縄文・弥生・平安,長野県茅野市米沢北大塩,0266-76-2386,
202142,400090040,長野県,茅野市,40,八幡坂,ハチマンザカ,集落跡,縄文・中世,長野県茅野市米沢北大塩,0266-76-2386,
202142,400090041,長野県,茅野市,41,中ノ平,ナカノダイラ,集落跡,縄文,長野県茅野市米沢鋳物師屋,0266-76-2386,
202142,400090042,長野県,茅野市,42,丸山,マルヤマ,集落跡,縄文,長野県茅野市米沢北大塩,0266-76-2386,
202142,400090043,長野県,茅野市,43,蛇石,ヘビイシ,集落跡,縄文,長野県茅野市米沢鋳物師屋,0266-76-2386,
202142,400090044,長野県,茅野市,44,棚畑,タナバタケ,散布地・集落跡,旧石器・縄文・平安・近世,長野県茅野市米沢埴原田,0266-76-2386,
202142,400090045,長野県,茅野市,45,痩尾根,ヤセオネ,集落跡,縄文,長野県茅野市湖東白井出,0266-76-2386,
202142,400090046,長野県,茅野市,46,床滑,トコナメ,生産遺跡,縄文,長野県茅野市北山糸萱,0266-76-2386,
202142,400090047,長野県,茅野市,47,下尾根,シモオネ,集落跡,縄文,長野県茅野市湖東笹原,0266-76-2386,
202142,400090048,長野県,茅野市,48,桂井戸,カツライド,集落跡,縄文,長野県茅野市湖東笹原,0266-76-2386,
202142,400090049,長野県,茅野市,49,尾根,オネ,集落跡,縄文,長野県茅野市湖東須栗平,0266-76-2386,
202142,400090050,長野県,茅野市,50,長峯,ナガミネ,散布地・集落跡,旧石器・縄文,長野県茅野市北山芹ヶ沢・糸萱,0266-76-2386,
202142,400090051,長野県,茅野市,51,聖石,ヒジリイシ,散布地・集落跡,旧石器・縄文・平安,長野県茅野市北山芹ヶ沢,0266-76-2386,
202142,400090052,長野県,茅野市,52,滝之脇,タキノワキ,集落跡,縄文,長野県茅野市北山芹ヶ沢,0266-76-2386,
202142,400090053,長野県,茅野市,53,神ノ木,カミノキ,集落跡,縄文,長野県茅野市北山芹ヶ沢,0266-76-2386,
202142,400090054,長野県,茅野市,54,上ッ原,ウワッパラ,集落跡,縄文,長野県茅野市北山芹ヶ沢,0266-76-2386,
202142,400090055,長野県,茅野市,55,下ッ原,シモッパラ,集落跡,縄文,長野県茅野市北山芹ヶ沢,0266-76-2386,
202142,400090056,長野県,茅野市,56,下島,シモジマ,集落跡,縄文・弥生,長野県茅野市北山芹ヶ沢,0266-76-2386,
202142,400090057,長野県,茅野市,57,松原,マツバラ,集落跡,縄文,長野県茅野市湖東山口,0266-76-2386,
202142,400090058,長野県,茅野市,58,山口,ヤマグチ,集落跡,縄文,長野県茅野市湖東山口,0266-76-2386,
202142,400090059,長野県,茅野市,59,新井下,アライシタ,集落跡,縄文・平安,長野県茅野市湖東新井,0266-76-2386,
202142,400090060,長野県,茅野市,60,中ッ原,ナカッパラ,集落跡,縄文,長野県茅野市湖東山口,0266-76-2386,
202142,400090061,長野県,茅野市,61,花蒔,ハナマキ,集落跡,縄文,長野県茅野市湖東花蒔,0266-76-2386,
202142,400090062,長野県,茅野市,62,辻屋,ツジヤ,集落跡,縄文,長野県茅野市湖東中村,0266-76-2386,
202142,400090063,長野県,茅野市,63,中村,ナカムラ,集落跡,縄文,長野県茅野市湖東中村,0266-76-2386,
202142,400090064,長野県,茅野市,64,下菅沢,シモスゲサワ,集落跡,縄文,長野県茅野市中大塩,0266-76-2386,
202142,400090065,長野県,茅野市,65,高尾戸,タカオド,集落跡,平安,長野県茅野市中大塩,0266-76-2386,
202142,400090066,長野県,茅野市,66,上半田,カミハンダ,集落跡,弥生・平安,長野県茅野市豊平福沢,0266-76-2386,
202142,400090067,長野県,茅野市,67,子の神,ネノカミ,集落跡,縄文,長野県茅野市豊平福沢,0266-76-2386,
202142,400090068,長野県,茅野市,68,中原,ナカッパラ,集落跡,縄文・近代,長野県茅野市豊平福沢・下菅沢,0266-76-2386,
202142,400090069,長野県,茅野市,69,宮の上,ミヤノウエ,集落跡,縄文・弥生,長野県茅野市豊平福沢,0266-76-2386,
202142,400090070,長野県,茅野市,70,八幡社前,ハチマンシャマエ,集落跡,平安,長野県茅野市豊平山寺,0266-76-2386,
202142,400090071,長野県,茅野市,71,山寺,ヤマデラ,集落跡,平安・中世,長野県茅野市豊平山寺,0266-76-2386,
202142,400090072,長野県,茅野市,72,経塚,キョウヅカ,集落跡,縄文・中世,長野県茅野市豊平南大塩,0266-76-2386,
202142,400090073,長野県,茅野市,73,権現林,ゴンゲンバヤシ,集落跡,縄文・平安,長野県茅野市豊平南大塩,0266-76-2386,
202142,400090074,長野県,茅野市,74,日向上,ヒナタウエ,集落跡,縄文・平安・中世,長野県茅野市豊平塩之目,0266-76-2386,
202142,400090075,長野県,茅野市,75,塩之目尻,シオノメジリ,集落跡,縄文・平安,長野県茅野市豊平塩之目,0266-76-2386,
202142,400090076,長野県,茅野市,76,中ツルネ,ナカツルネ,集落跡,縄文・弥生・平安,長野県茅野市豊平塩之目,0266-76-2386,
202142,400090077,長野県,茅野市,77,梨ノ木,ナシノキ,集落跡・生産遺跡,縄文・平安・中世,長野県茅野市豊平下古田,0266-76-2386,
202142,400090078,長野県,茅野市,78,師岡平,モロオカダイラ,集落跡・生産遺跡,縄文・中世・近世以降,長野県茅野市豊平上古田,0266-76-2386,
202142,400090079,長野県,茅野市,79,向原,ムカイッパラ,散布地・集落跡,旧石器・縄文・中世,長野県茅野市豊平南大塩,0266-76-2386,
202142,400090080,長野県,茅野市,80,立石,タテイシ,集落跡,縄文・平安,長野県茅野市豊平南大塩,0266-76-2386,
202142,400090081,長野県,茅野市,81,城,ジョウ,集落跡,縄文・平安,長野県茅野市豊平南大塩,0266-76-2386,
202142,400090082,長野県,茅野市,82,水尻,ミズジリ,集落跡,縄文,長野県茅野市豊平南大塩,0266-76-2386,
202142,400090083,長野県,茅野市,83,中ッ原Ａ,ナカッパラエー,集落跡,縄文・平安,長野県茅野市豊平南大塩,0266-76-2386,
202142,400090084,長野県,茅野市,84,神立林,カンダチバヤシ,集落跡,縄文・平安,長野県茅野市豊平南大塩,0266-76-2386,
202142,400090085,長野県,茅野市,85,与助尾根,ヨスケオネ,集落跡,縄文・平安,長野県茅野市豊平広見,0266-76-2386,
202142,400090086,長野県,茅野市,86,与助尾根南,ヨスケオネミナミ,集落跡・生産遺跡,縄文・平安,長野県茅野市豊平広見,0266-76-2386,
202142,400090087,長野県,茅野市,87,尖石,トガリイシ,集落跡,縄文,長野県茅野市豊平広見,0266-76-2386,
202142,400090088,長野県,茅野市,88,竜神平,リュウジンダイラ,集落跡,縄文・平安,長野県茅野市豊平広見,0266-76-2386,
202142,400090089,長野県,茅野市,89,新水掛Ａ,シンミズカケエー,集落跡,縄文,長野県茅野市豊平上場沢,0266-76-2386,
202142,400090090,長野県,茅野市,90,鴨田,カモダ,散布地・集落跡,旧石器・縄文・平安,長野県茅野市豊平上場沢,0266-76-2386,
202142,400090091,長野県,茅野市,91,稗田頭Ａ,ヒエダガシラエー,散布地・集落跡,旧石器・縄文・弥生・平安,長野県茅野市泉野下槻木,0266-76-2386,
202142,400090092,長野県,茅野市,92,中原,ナカッパラ,集落跡,縄文,長野県茅野市泉野下槻木,0266-76-2386,
202142,400090093,長野県,茅野市,93,細沢,ホソザワ,集落跡,縄文,長野県茅野市泉野上槻木,0266-76-2386,
202142,400090094,長野県,茅野市,94,棚畑,タナバタケ,集落跡,縄文・弥生・平安,長野県茅野市ちの城山,0266-76-2386,
202142,400090095,長野県,茅野市,95,西入矢穴１号古墳,ニシイリヤアナイチゴウコフン,古墳,古墳,長野県茅野市ちの本町,0266-76-2386,
202142,400090096,長野県,茅野市,96,中矢穴１号古墳,ナカヤアナイチゴウコフン,古墳,古墳,長野県茅野市ちの本町,0266-76-2386,
202142,400090097,長野県,茅野市,97,矢穴２号古墳,ヤアナニゴウコフン,古墳,古墳,長野県茅野市ちの本町,0266-76-2386,
202142,400090098,長野県,茅野市,98,矢穴,ヤアナ,集落跡,縄文・平安,長野県茅野市ちの本町,0266-76-2386,
202142,400090099,長野県,茅野市,99,釜石古墳,カマイシコフン,古墳,古墳,長野県茅野市ちの塚原,0266-76-2386,
202142,400090100,長野県,茅野市,100,十二坊古墳,ジュウニボウコフン,古墳,古墳,長野県茅野市ちの上原,0266-76-2386,
202142,400090101,長野県,茅野市,101,永明寺,エイメイジ,集落跡,縄文・平安・中世,長野県茅野市ちの上原,0266-76-2386,
202142,400090102,長野県,茅野市,102,上原城跡,ウエハラジョウセキ,城館跡,中世,長野県茅野市ちの上原,0266-76-2386,
202142,400090103,長野県,茅野市,103,鉄古塚（鉄甲塚）古墳,テッコヅカコフン,古墳,古墳,長野県茅野市ちの上原,0266-76-2386,
202142,400090104,長野県,茅野市,104,地蔵堂,ジゾウドウ,集落跡,縄文,長野県茅野市ちの上原,0266-76-2386,
202142,400090105,長野県,茅野市,105,藤塚古墳,フジヅカコフン,古墳,古墳,長野県茅野市ちの上原,0266-76-2386,
202142,400090106,長野県,茅野市,106,一本椹古墳,イッポンザワラコフン,古墳,古墳,長野県茅野市ちの塚原,0266-76-2386,
202142,400090107,長野県,茅野市,107,一本椹,イッポンザワラ,集落跡,縄文・弥生・古墳・平安・中世,長野県茅野市ちの塚原,0266-76-2386,
202142,400090108,長野県,茅野市,108,永明中学校グラウンド,エイメイチュウガッコウグラウンド,集落跡,弥生・平安・近世,長野県茅野市ちの塚原,0266-76-2386,
202142,400090109,長野県,茅野市,109,光明寺,コウミョウジ,集落跡,縄文・平安,長野県茅野市ちの上原,0266-76-2386,
202142,400090110,長野県,茅野市,110,家下,イエシタ,集落跡,縄文・弥生・古墳・奈良・平安･中世・近世,長野県茅野市ちの横内,0266-76-2386,
202142,400090111,長野県,茅野市,111,一ノ坪古墳,イチノツボコフン,古墳,古墳,長野県茅野市ちの横内,0266-76-2386,
202142,400090112,長野県,茅野市,112,下蟹河原,シモガニガワラ,集落跡,弥生・古墳・平安・中世,長野県茅野市ちの横内,0266-76-2386,
202142,400090113,長野県,茅野市,113,姥塚古墳,ウバヅカコフン,古墳,古墳,長野県茅野市ちの茅野町,0266-76-2386,
202142,400090114,長野県,茅野市,114,大塚古墳,オオツカコフン,古墳,古墳,長野県茅野市ちの仲町,0266-76-2386,
202142,400090115,長野県,茅野市,115,原地,ハラチ,集落跡,縄文・平安,長野県茅野市ちの塚原,0266-76-2386,
202142,400090116,長野県,茅野市,116,塚の越古墳,ツカノコシコフン,古墳,古墳,長野県茅野市ちの本町,0266-76-2386,
202142,400090117,長野県,茅野市,117,王経塚古墳,オオキョウヅカコフン,古墳,古墳・平安,長野県茅野市ちの本町,0266-76-2386,
202142,400090118,長野県,茅野市,118,神長官裏古墳,ジンチョウカンウラコフン,古墳,古墳・平安,長野県茅野市宮川高部,0266-76-2386,
202142,400090119,長野県,茅野市,119,疱瘡神塚古墳,ホウソウガミヅカコフン,古墳,古墳・平安,長野県茅野市宮川高部,0266-76-2386,
202142,400090120,長野県,茅野市,120,乞食塚古墳,コジキヅカコフン,古墳,古墳・奈良以降,長野県茅野市宮川高部,0266-76-2386,
202142,400090121,長野県,茅野市,121,神袋塚古墳,カンブクロヅカコフン,古墳,古墳,長野県茅野市宮川高部,0266-76-2386,
202142,400090122,長野県,茅野市,122,塚屋古墳,ツカヤコフン,古墳,古墳,長野県茅野市宮川高部,0266-76-2386,
202142,400090123,長野県,茅野市,123,高部,タカベ,集落跡,縄文・弥生・古墳・奈良・平安・中世･近世,長野県茅野市宮川高部,0266-76-2386,
202142,400090124,長野県,茅野市,124,蛇塚古墳,ヘビヅカコフン,古墳,古墳,長野県茅野市宮川小町屋,0266-76-2386,
202142,400090125,長野県,茅野市,125,前宮古墳,マエミヤコフン,古墳,古墳,長野県茅野市宮川小町屋,0266-76-2386,
202142,400090126,長野県,茅野市,126,石塚古墳,イシヅカコフン,古墳,古墳,長野県茅野市宮川小町屋,0266-76-2386,
202142,400090127,長野県,茅野市,127,樋沢古墳,ヒザワコフン,古墳,古墳,長野県茅野市宮川小町屋,0266-76-2386,
202142,400090128,長野県,茅野市,128,芳久保古墳,ヨシクボコフン,古墳,古墳,長野県茅野市宮川小町屋,0266-76-2386,
202142,400090129,長野県,茅野市,129,前宮,マエミヤ,集落跡,縄文・弥生・古墳・奈良・平安・中世・近世,長野県茅野市宮川小町屋,0266-76-2386,
202142,400090130,長野県,茅野市,130,常坊主１号古墳,ジョウボウズイチゴウコフン,古墳,古墳,長野県茅野市宮川小町屋,0266-76-2386,
202142,400090131,長野県,茅野市,131,山ノ神古墳,ヤマノカミコフン,古墳,古墳,長野県茅野市宮川小町屋,0266-76-2386,
202142,400090132,長野県,茅野市,132,干沢城跡,ヒザワジョウセキ,集落跡,縄文・平安・中世,長野県茅野市宮川安国寺・小町屋,0266-76-2386,
202142,400090133,長野県,茅野市,133,御越古墳群,オッコシコフングン,古墳,古墳,長野県茅野市宮川安国寺,0266-76-2386,
202142,400090134,長野県,茅野市,134,小飼通,コガイドオリ,集落跡,縄文・弥生・古墳・平安・中世,長野県茅野市宮川安国寺,0266-76-2386,
202142,400090135,長野県,茅野市,135,籠り塚古墳,コモリヅカコフン,古墳,古墳,長野県茅野市宮川安国寺,0266-76-2386,
202142,400090136,長野県,茅野市,136,塚屋古墳,ツカヤコフン,古墳,古墳,長野県茅野市宮川安国寺,0266-76-2386,
202142,400090137,長野県,茅野市,137,百々通古墳,ドウドウドオリコフン,古墳,古墳,長野県茅野市宮川安国寺,0266-76-2386,
202142,400090138,長野県,茅野市,138,裏の山,ウラノヤマ,集落跡,縄文,長野県茅野市宮川西茅野,0266-76-2386,
202142,400090139,長野県,茅野市,139,小飼通古墳,コガイドオリコフン,古墳,古墳,長野県茅野市宮川安国寺,0266-76-2386,
202142,400090140,長野県,茅野市,140,山の神（横山）,ヤマノカミ（ヨコヤマ）,集落跡,縄文・平安,長野県茅野市宮川西山,0266-76-2386,
202142,400090141,長野県,茅野市,141,晴ケ峯,ハレガミネ,集落跡,縄文,長野県茅野市宮川安国寺,0266-76-2386,
202142,400090142,長野県,茅野市,142,四ツ塚古墳群,ヨツヅカコフングン,古墳,古墳,長野県茅野市宮川茅野,0266-76-2386,
202142,400090143,長野県,茅野市,143,御社宮司,ミシャグジ,集落跡,縄文・弥生・古墳・平安・中世・近世,長野県茅野市宮川茅野,0266-76-2386,
202142,400090144,長野県,茅野市,144,金鍔塚古墳,キンツバヅカコフン,古墳,古墳,長野県茅野市宮川茅野,0266-76-2386,
202142,400090145,長野県,茅野市,145,長峰,ナガミネ,散布地・集落跡,旧石器・縄文・平安,長野県茅野市宮川両久保,0266-76-2386,
202142,400090146,長野県,茅野市,146,狐久保,キツネクボ,集落跡,縄文,長野県茅野市宮川茅野,0266-76-2386,
202142,400090147,長野県,茅野市,147,林の峯,ハヤシノミネ,散布地・集落跡,旧石器・縄文・平安・中世,長野県茅野市宮川両久保,0266-76-2386,
202142,400090148,長野県,茅野市,148,雨降塚古墳,アメフリヅカコフン,古墳,古墳,長野県茅野市宮川坂室,0266-76-2386,
202142,400090149,長野県,茅野市,149,長峯（比丘尼原）,ナガミネ（ビクニッパラ）,集落跡,縄文,長野県茅野市宮川向ヶ丘・東向ヶ丘,0266-76-2386,
202142,400090150,長野県,茅野市,150,川久保古墳,カワクボコフン,古墳,古墳,長野県茅野市玉川荒神,0266-76-2386,
202142,400090151,長野県,茅野市,151,下河原,シモガワラ,集落跡,縄文・弥生,長野県茅野市玉川荒神,0266-76-2386,
202142,400090152,長野県,茅野市,152,石小屋１号古墳,イシゴヤイチゴウコフン,古墳,古墳,長野県茅野市玉川荒神,0266-76-2386,
202142,400090153,長野県,茅野市,153,京塚原,キョウヅカハラ,集落跡,縄文,長野県茅野市玉川荒神,0266-76-2386,
202142,400090154,長野県,茅野市,154,下ノ原,シモノハラ,集落跡・生産遺跡,縄文・平安,長野県茅野市玉川荒神,0266-76-2386,
202142,400090155,長野県,茅野市,155,中御前,ナカゴゼン,集落跡,縄文,長野県茅野市玉川荒神,0266-76-2386,
202142,400090156,長野県,茅野市,156,上の原,ウエノハラ,集落跡,縄文,長野県茅野市玉川粟沢,0266-76-2386,
202142,400090157,長野県,茅野市,157,和田日向,ワダヒナタ,集落跡,縄文,長野県茅野市玉川粟沢,0266-76-2386,
202142,400090158,長野県,茅野市,158,茅野和田,チノワダ,集落跡,縄文・古墳・平安,長野県茅野市玉川小泉,0266-76-2386,
202142,400090159,長野県,茅野市,159,久保川,クボカワ,集落跡,縄文,長野県茅野市玉川神之原,0266-76-2386,
202142,400090160,長野県,茅野市,160,小堂見,コドウミ,集落跡,縄文・平安・中世,長野県茅野市玉川神之原,0266-76-2386,
202142,400090161,長野県,茅野市,161,上御前,カミゴゼン,散布地・集落跡,旧石器・縄文・平安・中世,長野県茅野市玉川神之原,0266-76-2386,
202142,400090162,長野県,茅野市,162,藤塚,フジヅカ,集落跡,縄文,長野県茅野市玉川小堂見,0266-76-2386,
202142,400090163,長野県,茅野市,163,一本木,イッポンギ,集落跡,縄文,長野県茅野市玉川山田,0266-76-2386,
202142,400090164,長野県,茅野市,164,尾根田,オネダ,集落跡,縄文,長野県茅野市玉川山田,0266-76-2386,
202142,400090165,長野県,茅野市,165,中沢,ナカッサワ,集落跡,縄文,長野県茅野市玉川山田,0266-76-2386,
202142,400090166,長野県,茅野市,166,上の平,ウエノダイラ,集落跡,縄文・平安・中世,長野県茅野市豊平御作田,0266-76-2386,
202142,400090167,長野県,茅野市,167,日鴨寺,ヒガモジ,集落跡,縄文,長野県茅野市泉野中道,0266-76-2386,
202142,400090168,長野県,茅野市,168,上見,アゲミ,散布地・集落跡・生産遺跡,旧石器・縄文,長野県茅野市泉野下槻木,0266-76-2386,
202142,400090169,長野県,茅野市,169,鹿垣,シシガキ,集落跡,縄文,長野県茅野市泉野小屋場,0266-76-2386,
202142,400090170,長野県,茅野市,170,馬捨場,ウマステバ,散布地・集落跡・生産遺跡,旧石器・縄文・中世,長野県茅野市泉野小屋場,0266-76-2386,
202142,400090171,長野県,茅野市,171,山之神,ヤマノカミ,集落跡,縄文,長野県茅野市泉野小屋場,0266-76-2386,
202142,400090172,長野県,茅野市,172,丸生戸,マロウド,集落跡,縄文,長野県茅野市泉野小屋場,0266-76-2386,
202142,400090173,長野県,茅野市,173,城山城跡,ジョウヤマジョウセキ,集落跡,中世,長野県茅野市泉野小屋場,0266-76-2386,
202142,400090174,長野県,茅野市,174,菖蒲沢Ⅲ,ショウブザワサン,集落跡,縄文・平安,長野県茅野市泉野小屋場,0266-76-2386,
202142,400090175,長野県,茅野市,175,菖蒲沢Ⅱ,ショウブザワニ,集落跡,縄文,長野県茅野市泉野小屋場,0266-76-2386,
202142,400090176,長野県,茅野市,176,栃窪北,トチクボキタ,散布地,旧石器,長野県茅野市北山柏原,0266-76-2386,
202142,400090177,長野県,茅野市,177,夕立,ユウダチ,散布地・集落跡,旧石器・縄文,長野県茅野市泉野上槻木,0266-76-2386,
202142,400090178,長野県,茅野市,178,屋敷添,ヤシキゾイ,集落跡,縄文,長野県茅野市玉川菊沢,0266-76-2386,
202142,400090179,長野県,茅野市,179,古御堂,フルミドウ,集落跡,縄文・平安,長野県茅野市玉川北久保,0266-76-2386,
202142,400090180,長野県,茅野市,180,神垣外,カミガイト,集落跡,縄文・平安・中世,長野県茅野市宮川田沢,0266-76-2386,
202142,400090181,長野県,茅野市,181,大悦,ダイエツ,集落跡,縄文・平安,長野県茅野市宮川丸山,0266-76-2386,
202142,400090182,長野県,茅野市,182,大悦南,ダイエツミナミ,集落跡,縄文・平安,長野県茅野市宮川丸山,0266-76-2386,
202142,400090183,長野県,茅野市,183,勝山,カチヤマ,集落跡,縄文・古墳・平安,長野県茅野市宮川坂室,0266-76-2386,
202142,400090184,長野県,茅野市,184,ケツヨリ,ケツヨリ,集落跡,縄文・平安,長野県茅野市金沢木舟,0266-76-2386,
202142,400090185,長野県,茅野市,185,芝平,シバダイラ,集落跡,縄文,長野県茅野市金沢大池,0266-76-2386,
202142,400090186,長野県,茅野市,186,御湯の山,オユノヤマ,集落跡,平安,長野県茅野市金沢金沢下,0266-76-2386,
202142,400090187,長野県,茅野市,187,向坂,ムコウザカ,集落跡,縄文,長野県茅野市金沢金沢上,0266-76-2386,
202142,400090188,長野県,茅野市,188,天狗山,テングヤマ,集落跡,縄文・弥生・平安,長野県茅野市金沢金沢上,0266-76-2386,
202142,400090189,長野県,茅野市,189,芥沢,ゴミッサワ,集落跡,縄文・平安,長野県茅野市金沢大沢,0266-76-2386,
202142,400090190,長野県,茅野市,190,金沢台,カナザワダイ,集落跡,縄文,長野県茅野市金沢金沢台,0266-76-2386,
202142,400090191,長野県,茅野市,191,裏の山,ウラノヤマ,集落跡,縄文・平安,長野県茅野市金沢,0266-76-2386,
202142,400090192,長野県,茅野市,192,中平,ナカダイラ,集落跡,縄文・平安,長野県茅野市金沢,0266-76-2386,
202142,400090193,長野県,茅野市,193,上の原,ウエノハラ,集落跡,縄文,長野県茅野市金沢御狩野,0266-76-2386,
202142,400090194,長野県,茅野市,194,判の木山西,ハンノキヤマニシ,集落跡・生産遺跡,縄文・平安,長野県茅野市金沢御狩野,0266-76-2386,
202142,400090195,長野県,茅野市,195,判の木山東,ハンノキヤマヒガシ,集落跡,縄文・平安,長野県茅野市金沢御狩野,0266-76-2386,
202142,400090196,長野県,茅野市,196,金山沢北,カナヤマザワキタ,集落跡,縄文・平安,長野県茅野市金沢御狩野,0266-76-2386,
202142,400090197,長野県,茅野市,197,頭殿沢上,トウドノサワウエ,集落跡,縄文・平安,長野県茅野市金沢御狩野,0266-76-2386,
202142,400090198,長野県,茅野市,198,御狩野,ミカリノ,集落跡,縄文・平安,長野県茅野市金沢御狩野,0266-76-2386,
202142,400090199,長野県,茅野市,199,頭殿沢,トウドノサワ,集落跡・生産遺跡,縄文・平安,長野県茅野市金沢御狩野,0266-76-2386,
202142,400090200,長野県,茅野市,200,辰野館前,タツノカンマエ,散布地,旧石器,長野県茅野市豊平,0266-76-2386,
202142,400090201,長野県,茅野市,201,御射鹿池下,ミシャカイケシタ,散布地,旧石器,長野県茅野市豊平,0266-76-2386,
202142,400090202,長野県,茅野市,202,糸萱,イトガヤ,集落跡,縄文,長野県茅野市北山糸萱,0266-76-2386,
202142,400090203,長野県,茅野市,203,朝倉城跡,アサクラジョウセキ,城館跡,中世,長野県茅野市北山湯川,0266-76-2386,
202142,400090204,長野県,茅野市,204,菖蒲沢Ａ,ショウブザワエー,集落跡,縄文・平安・近代,長野県茅野市湖東堀,0266-76-2386,
202142,400090205,長野県,茅野市,205,菖蒲沢Ｂ,ショウブザワビー,集落跡,縄文,長野県茅野市湖東堀,0266-76-2386,
202142,400090206,長野県,茅野市,206,竜神平下,リュウジンダイラシタ,集落跡,縄文,長野県茅野市豊平広見,0266-76-2386,
202142,400090207,長野県,茅野市,207,新水掛Ｂ,シンミズカケビー,集落跡,縄文,長野県茅野市豊平上場沢,0266-76-2386,
202142,400090208,長野県,茅野市,208,金堀場,カナホリバ,集落跡,縄文,長野県茅野市豊平上場沢,0266-76-2386,
202142,400090209,長野県,茅野市,209,稗田頭Ｂ,ヒエダガシラビー,散布地・集落跡・生産遺跡,旧石器・縄文,長野県茅野市泉野下槻木,0266-76-2386,
202142,400090210,長野県,茅野市,210,威力不動尊東,イリキフドウソンヒガシ,集落跡・生産遺跡,縄文・近代,長野県茅野市豊平上古田,0266-76-2386,
202142,400090211,長野県,茅野市,211,古田城跡,フッタジョウセキ,散布地・集落跡・生産遺跡,旧石器・縄文・中世,長野県茅野市豊平下古田,0266-76-2386,
202142,400090212,長野県,茅野市,212,尼御前,アマゴゼン,集落跡,縄文,長野県茅野市米沢埴原田,0266-76-2386,
202142,400090213,長野県,茅野市,213,田部石,タンベイシ,集落跡,縄文,長野県茅野市米沢埴原田,0266-76-2386,
202142,400090214,長野県,茅野市,214,埴原田城跡,ハイバラダジョウセキ,集落跡,中世,長野県茅野市米沢埴原田,0266-76-2386,
202142,400090215,長野県,茅野市,215,埴原田,ハイバラダ,集落跡,縄文,長野県茅野市米沢埴原田,0266-76-2386,
202142,400090216,長野県,茅野市,216,李久保,スモクボ,集落跡,縄文,長野県茅野市米沢埴原田,0266-76-2386,
202142,400090217,長野県,茅野市,217,鬼場城跡,オニバジョウセキ,集落跡,中世,長野県茅野市米沢埴原田,0266-76-2386,
202142,400090218,長野県,茅野市,218,土佐屋敷,トサヤシキ,集落跡,縄文・奈良・平安・中世・近世,長野県茅野市ちの本町,0266-76-2386,
202142,400090219,長野県,茅野市,219,御座石神社,ゴザイシジンジャ,集落跡,縄文・中世・近世,長野県茅野市ちの本町,0266-76-2386,
202142,400090220,長野県,茅野市,220,齢松山城跡,レイショウザンジョウセキ,集落跡,中世,長野県茅野市ちの本町,0266-76-2386,
202142,400090221,長野県,茅野市,221,西入,ニシイリ,集落跡,縄文,長野県茅野市ちの本町,0266-76-2386,
202142,400090222,長野県,茅野市,222,阿弥陀堂,アミダドウ,集落跡,縄文・弥生・平安・中世・近世,長野県茅野市ちの塚原,0266-76-2386,
202142,400090223,長野県,茅野市,223,構井,カマイ,集落跡,縄文・弥生・古墳・平安・中世,長野県茅野市ちの茅野町・上原,0266-76-2386,
202142,400090224,長野県,茅野市,224,上原城下町,ウエハラジョウカマチ,集落跡,縄文・弥生・古墳・奈良・平安・中世・近世,長野県茅野市ちの上原,0266-76-2386,
202142,400090225,長野県,茅野市,225,神長官邸,ジンチョウカンテイ,城館跡,古墳・中世,長野県茅野市宮川高部,0266-76-2386,
202142,400090226,長野県,茅野市,226,磯並,イソナミ,集落跡,中世・近世,長野県茅野市宮川高部,0266-76-2386,
202142,400090227,長野県,茅野市,227,狐塚,キツネヅカ,集落跡,平安,長野県茅野市宮川高部,0266-76-2386,
202142,400090228,長野県,茅野市,228,粟沢城跡,アワザワジョウセキ,城館跡,中世,長野県茅野市玉川粟沢,0266-76-2386,
202142,400090229,長野県,茅野市,229,シラザレ城跡,シラザレジョウセキ,城館跡,中世,長野県茅野市金沢木舟,0266-76-2386,
202142,400090230,長野県,茅野市,230,はごや,ハゴヤ,集落跡,縄文,長野県茅野市金沢青柳,0266-76-2386,
202142,400090231,長野県,茅野市,231,阿久尻,アキュウジリ,集落跡・生産遺跡,縄文・平安・中世,長野県茅野市金沢木舟,0266-76-2386,
202142,400090232,長野県,茅野市,232,下原山・茂佐久保,シモハラヤマ・モサクボ,集落跡・生産遺跡,縄文,長野県茅野市金沢木舟,0266-76-2386,
202142,400090233,長野県,茅野市,233,矢倉田,ヤグラダ,集落跡,縄文,長野県茅野市北山芹ヶ沢,0266-76-2386,
202142,400090234,長野県,茅野市,234,山之神沢,ヤマノカミサワ,集落跡,縄文,長野県茅野市北山芹ヶ沢,0266-76-2386,
202142,400090235,長野県,茅野市,235,北山菖蒲沢Ａ,キタヤマショウブザワエー,集落跡,縄文・平安,長野県茅野市北山芹ヶ沢,0266-76-2386,
202142,400090236,長野県,茅野市,236,広井出,ヒロイデ,散布地・集落跡,旧石器・縄文,長野県茅野市湖東金山,0266-76-2386,
202142,400090237,長野県,茅野市,237,北山菖蒲沢Ｂ,キタヤマショウブザワビー,散布地・集落跡,旧石器・縄文・平安,長野県茅野市北山芹ヶ沢,0266-76-2386,
202142,400090238,長野県,茅野市,238,珍部坂Ａ,チンベザカエー,集落跡,縄文,長野県茅野市湖東堀,0266-76-2386,
202142,400090239,長野県,茅野市,239,箒原,ホウキパラ,集落跡,縄文,長野県茅野市湖東下菅沢,0266-76-2386,
202142,400090240,長野県,茅野市,240,珍部坂Ｂ,チンベザカビー,集落跡,不明,長野県茅野市湖東堀,0266-76-2386,
202142,400090241,長野県,茅野市,241,牛ノ児,ウシノコ,集落跡,縄文・平安,長野県茅野市米沢塩沢,0266-76-2386,
202142,400090242,長野県,茅野市,242,間久保,ハザマクボ,集落跡,不明,長野県茅野市米沢鋳物師屋,0266-76-2386,
202142,400090243,長野県,茅野市,243,姫御前,ヒメゴゼン,集落跡,不明,長野県茅野市米沢埴原田,0266-76-2386,
202142,400090244,長野県,茅野市,244,桂入,カツライリ,集落跡,不明,長野県茅野市米沢埴原田,0266-76-2386,
202142,400090245,長野県,茅野市,245,山田畑,ヤマダバタケ,集落跡,不明,長野県茅野市玉川小堂見,0266-76-2386,
202142,400090246,長野県,茅野市,246,中島,ナカジマ,集落跡,不明,長野県茅野市玉川粟沢,0266-76-2386,
202142,400090247,長野県,茅野市,247,検校平古墳,ケンギョウダイラコフン,古墳,古墳,長野県茅野市ちの本町,0266-76-2386,
202142,400090248,長野県,茅野市,248,中矢穴２号古墳,ナカヤアナニゴウコフン,古墳,古墳,長野県茅野市ちの本町,0266-76-2386,
202142,400090249,長野県,茅野市,249,西入矢穴２号古墳,ニシイリヤアナニゴウコフン,古墳,古墳,長野県茅野市ちの本町,0266-76-2386,
202142,400090250,長野県,茅野市,250,西入矢穴３号古墳,ニシイリヤアナサンゴウコフン,古墳,古墳,長野県茅野市ちの本町,0266-76-2386,
202142,400090251,長野県,茅野市,251,矢穴１号古墳,ヤアナイチゴウコフン,古墳,古墳,長野県茅野市ちの本町,0266-76-2386,
202142,400090252,長野県,茅野市,252,矢穴３号古墳,ヤアナサンゴウコフン,古墳,古墳,長野県茅野市ちの本町,0266-76-2386,
202142,400090253,長野県,茅野市,253,笹尾根,ササオネ,集落跡,不明,長野県茅野市泉野小屋場,0266-76-2386,
202142,400090254,長野県,茅野市,254,石塔坂,セキトウザカ,集落跡,不明,長野県茅野市豊平南大塩,0266-76-2386,
202142,400090255,長野県,茅野市,255,上ノ棚,ウエノタナ,集落跡,不明,長野県茅野市北山芹ヶ沢,0266-76-2386,
202142,400090256,長野県,茅野市,256,中ヤヅカ古墳,ナカヤヅカコフン,古墳,古墳,長野県茅野市ちの本町,0266-76-2386,
202142,400090257,長野県,茅野市,257,西林古墳,ニシバヤシコフン,古墳,古墳,長野県茅野市ちの本町,0266-76-2386,
202142,400090258,長野県,茅野市,258,沢口古墳,サワグチコフン,古墳,古墳,長野県茅野市ちの塚原,0266-76-2386,
202142,400090259,長野県,茅野市,259,八ヶ岳農場,ヤツガタケノウジョウ,散布地,旧石器･縄文,長野県茅野市玉川農場,0266-76-2386,
202142,400090260,長野県,茅野市,260,藤右衛門前,フジエモンマエ,集落跡,縄文,長野県茅野市豊平上古田,0266-76-2386,
202142,400090261,長野県,茅野市,261,薬師堂上古墳,ヤクシドウウエコフン,古墳,古墳,長野県茅野市ちの上原,0266-76-2386,
202142,400090262,長野県,茅野市,262,武将の古墳,ブショウノコフン,古墳,古墳,長野県茅野市ちの上原,0266-76-2386,
202142,400090263,長野県,茅野市,263,上原矢穴１号古墳,ウエハラヤアナイチゴウコフン,古墳,古墳,長野県茅野市ちの上原,0266-76-2386,
202142,400090264,長野県,茅野市,264,上原矢穴２号古墳,ウエハラヤアナニゴウコフン,古墳,古墳,長野県茅野市ちの上原,0266-76-2386,
202142,400090265,長野県,茅野市,265,上原矢穴３号古墳,ウエハラヤアナサンゴウコフン,古墳,古墳,長野県茅野市ちの上原,0266-76-2386,
202142,400090266,長野県,茅野市,266,上原矢穴４号古墳,ウエハラヤアナヨンゴウコフン,古墳,古墳,長野県茅野市ちの上原,0266-76-2386,
202142,400090267,長野県,茅野市,267,犬射原古墳,イヌイバラコフン,古墳,古墳,長野県茅野市ちの仲町,0266-76-2386,
202142,400090268,長野県,茅野市,268,石小屋２号古墳,イシゴヤニゴウコフン,古墳,古墳,長野県茅野市玉川荒神,0266-76-2386,
202142,400090269,長野県,茅野市,269,上ノ山古墳,ウエノヤマコフン,古墳,古墳,,0266-76-2386,
202142,400090270,長野県,茅野市,270,田沢沢古墳,タザワザワコフン,古墳,古墳,,0266-76-2386,
202142,400090271,長野県,茅野市,271,大門寺古墳,ダイモンジコフン,古墳,古墳,,0266-76-2386,
202142,400090272,長野県,茅野市,272,常坊主２号古墳,ジョウボウズニゴウコフン,古墳,古墳,長野県茅野市宮川小町屋,0266-76-2386,
202142,400090273,長野県,茅野市,273,山ノ神２号古墳,ヤマノカミニゴウコフン,古墳,古墳,長野県茅野市宮川小町屋,0266-76-2386,
202142,400090274,長野県,茅野市,274,狐塚１号古墳,キツネヅカイチゴウコフン,古墳,古墳,長野県茅野市宮川高部,0266-76-2386,
202142,400090275,長野県,茅野市,275,狐塚２号古墳,キツネヅカニゴウコフン,古墳,古墳,長野県茅野市宮川高部,0266-76-2386,
202142,400090276,長野県,茅野市,276,下原山,シモハラヤマ・モサクボ,集落跡,縄文・平安,長野県茅野市金沢御狩野,0266-76-2386,
202142,400090277,長野県,茅野市,277,広畑,ヒロハタ,散布地・集落跡,旧石器・縄文,長野県茅野市玉川粟沢,0266-76-2386,
202142,400090278,長野県,茅野市,278,御天城跡,ゴテンジョウセキ,城館跡,中世,長野県茅野市宮川,0266-76-2386,
202142,400090279,長野県,茅野市,279,横谷岩陰,ヨコヤイワカゲ,散布地・集落跡,旧石器・弥生,長野県茅野市北山糸萱,0266-76-2386,
202142,400090280,長野県,茅野市,280,御猪岩,オイノイワ,散布地・集落跡,旧石器・弥生,長野県茅野市泉野上槻木,0266-76-2386,
202142,400090281,長野県,茅野市,281,塚ノ越古墳,ツカノコシコフン,古墳,古墳,長野県茅野市ちの横内,0266-76-2386,
202142,400090282,長野県,茅野市,282,石田家屋敷,イシダケヤシキ,古墳,古墳,長野県茅野市ちの本町,0266-76-2386,
202142,400090283,長野県,茅野市,283,田裏,タウラ,集落跡,平安,長野県茅野市ちの塚原,0266-76-2386,
202142,400090284,長野県,茅野市,284,日向前,ヒナタマエ,集落跡,縄文,長野県茅野市豊平塩之目,0266-76-2386,
202142,400090285,長野県,茅野市,285,板垣平,イタガキダイラ,城館跡,中世,長野県茅野市ちの上原,0266-76-2386,
202142,400090286,長野県,茅野市,286,干沢城下町,ヒザワジョウカマチ,集落跡,中世,長野県茅野市宮川安国寺・小町屋,0266-76-2386,
202142,400090287,長野県,茅野市,287,平十郎久保,ヘイジュウロウクボ,集落跡,縄文,長野県茅野市米沢埴原田,0266-76-2386,
202142,400090288,長野県,茅野市,288,小久保,コクボ,集落跡,縄文・平安,長野県茅野市米沢埴原田,0266-76-2386,
202142,400090289,長野県,茅野市,289,越道上,コエドウエ,集落跡,縄文・中世,長野県茅野市泉野下槻木,0266-76-2386,
202142,400090290,長野県,茅野市,290,塚,ツカ,その他の墓,近世,長野県茅野市泉野下槻木,0266-76-2386,
202142,400090291,長野県,茅野市,291,梵天原,ボンテンバラ,集落跡・生産遺跡,縄文,長野県茅野市泉野上槻木,0266-76-2386,
202142,400090292,長野県,茅野市,292,久保畑,クボバタ,集落跡,縄文・平安,長野県茅野市金沢木舟,0266-76-2386,
202142,400090293,長野県,茅野市,293,渋川原,シブカワッパラ,集落跡,縄文,長野県茅野市湖東笹原,0266-76-2386,
202142,400090294,長野県,茅野市,294,細沢,ホソザワ,集落跡,縄文,長野県茅野市湖東笹原,0266-76-2386,
202142,400090295,長野県,茅野市,295,長野汐下,ナガノセギシタ,集落跡,縄文,長野県茅野市湖東白井出,0266-76-2386,
202142,400090296,長野県,茅野市,296,外丸戸,ソトマルド,集落跡,縄文,長野県茅野市湖東白井出,0266-76-2386,
202142,400090297,長野県,茅野市,297,入之嶺西,イリノミネニシ,散布地,縄文,長野県茅野市北山車山,0266-76-2386,
202142,400090298,長野県,茅野市,298,入之嶺東,イリノミネヒガシ,散布地,縄文,長野県茅野市北山車山,0266-76-2386,
202142,400090299,長野県,茅野市,299,ツキノ木,ツキノキ,集落跡,平安・中世,長野県茅野市玉川神之原,0266-76-2386,
202142,400090300,長野県,茅野市,300,頭無,カシラナシ,集落跡,縄文・古墳・平安・中世,長野県茅野市玉川菊沢,0266-76-2386,
202142,400090301,長野県,茅野市,301,薮原船久保三角塚,ヤブハラフナクボサンカクヅカ,散布地,縄文,長野県茅野市玉川神之原,0266-76-2386,
202142,400090302,長野県,茅野市,302,中ッ原Ｂ,ナカッパラビー,集落跡,縄文・中世・近世,長野県茅野市豊平南大塩,0266-76-2386,
202142,400090303,長野県,茅野市,303,出頭,イデガシラ,集落跡,縄文,長野県茅野市宮川安国寺,0266-76-2386,
202142,400090304,長野県,茅野市,304,稗田頭Ｃ,ヒエダガシラシー,集落跡,縄文・平安,長野県茅野市泉野下槻木,0266-76-2386,
202142,400090305,長野県,茅野市,305,入之嶺,イリノミネ,散布地・集落跡,旧石器・縄文,長野県茅野市北山車山,0266-76-2386,
202142,400090306,長野県,茅野市,306,対山館,タイザンカン,散布地,旧石器,長野県茅野市北山白樺湖,0266-76-2386,
202142,400090307,長野県,茅野市,307,池ノ平,イケノダイラ,散布地,旧石器･縄文･中世,長野県茅野市北山白樺湖,0266-76-2386,
202142,400090308,長野県,茅野市,308,大歳神社,オオトシジンジャ,集落跡,縄文・弥生・古墳・中世・近世,長野県茅野市ちの茅野町,0266-76-2386,
202142,400090309,長野県,茅野市,309,菖蒲沢,ショウブザワ,集落跡,縄文,長野県茅野市米沢北大塩,0266-76-2386,
202142,400090310,長野県,茅野市,310,大田苅,ダイタガリ,集落跡,縄文・平安,長野県茅野市米沢北大塩,0266-76-2386,
202142,400090311,長野県,茅野市,311,出ノ脇,イデノワキ,集落跡,縄文,長野県茅野市米沢北大塩,0266-76-2386,
202142,400090312,長野県,茅野市,312,買地,カイチ,集落跡,縄文,長野県茅野市米沢北大塩,0266-76-2386,
202142,400090313,長野県,茅野市,313,久保御堂,クボオドウ,集落跡・生産遺跡,縄文・平安・中世,長野県茅野市豊平上古田,0266-76-2386,
202142,400090314,長野県,茅野市,314,鹿尾根,シシオネ,集落跡・生産遺跡,縄文,長野県茅野市泉野中道,0266-76-2386,
202142,400090315,長野県,茅野市,315,中尾,ナカオ,集落跡,縄文・中世,長野県茅野市豊平南大塩,0266-76-2386,
202142,400090316,長野県,茅野市,316,和尚屋敷,オショウヤシキ,集落跡,弥生・古墳・中世,長野県茅野市ちの上原,0266-76-2386,
202142,400090317,長野県,茅野市,317,トクアミ,トクアミ,集落跡・生産遺跡,縄文・平安・中世・近世,長野県茅野市豊平下古田,0266-76-2386,
202142,400090318,長野県,茅野市,318,姫宮,ヒメミヤ,集落跡,中世・近世,長野県茅野市宮川小町屋,0266-76-2386,
202142,400090319,長野県,茅野市,319,荒玉社周辺,アラタマシャシュウヘン,集落跡,中世,長野県茅野市宮川安国寺・小町屋,0266-76-2386,
202142,400090320,長野県,茅野市,320,スナアラ古墳,スナアラコフン,古墳,古墳,長野県茅野市ちの本町,0266-76-2386,
202142,400090321,長野県,茅野市,321,笹原上第１,ササハラウエダイイチ,生産遺跡,縄文,長野県茅野市豊平,0266-76-2386,
202142,400090322,長野県,茅野市,322,笹原上第２,ササハラウエダイニ,生産遺跡,縄文,長野県茅野市豊平,0266-76-2386,
202142,400090323,長野県,茅野市,323,中村,ナカムラ,集落跡,縄文・平安・中世,長野県茅野市宮川西茅野,0266-76-2386,
202142,400090324,長野県,茅野市,324,外垣外,ソトガイト,集落跡,縄文・平安,長野県茅野市宮川西茅野,0266-76-2386,
202142,400090325,長野県,茅野市,325,蟹畑,カニバタ,集落跡,縄文･弥生･平安・中世,長野県茅野市宮川西茅野,0266-76-2386,
202142,400090326,長野県,茅野市,326,式部汐,シキブセキ,集落跡,縄文,長野県茅野市玉川神之原,0266-76-2386,
202142,400090327,長野県,茅野市,327,別田沢,ベッタザワ,集落跡,縄文,長野県茅野市北山芹ヶ沢,0266-76-2386,
202142,400090328,長野県,茅野市,328,町道下,マチミチシタ,集落跡,縄文,長野県茅野市湖東須栗平,0266-76-2386,
202142,400090329,長野県,茅野市,329,頭無１号古墳,カシラナシイチゴウコフン,古墳,古墳,長野県茅野市宮川高部,0266-76-2386,
202142,400090330,長野県,茅野市,330,頭無２号古墳,カシラナシニゴウコフン,古墳,古墳,長野県茅野市宮川高部,0266-76-2386,
202142,400090331,長野県,茅野市,331,大久保,オオクボ,集落跡,縄文・近世,長野県茅野市豊平御作田,0266-76-2386,
202142,400090332,長野県,茅野市,332,下新田,シモシンデン,散布地,縄文,長野県茅野市宮川田沢,0266-76-2386,
202142,400090333,長野県,茅野市,333,尖石南,トガリイシミナミ,散布地,縄文,長野県茅野市豊平広見,0266-76-2386,
202142,400090334,長野県,茅野市,334,渋川Ⅲ,シブカワサン,散布地,旧石器,長野県茅野市北山蓼科,0266-76-2386,
202142,400090335,長野県,茅野市,335,入の日影,イリノヒカゲ,集落跡,縄文,長野県茅野市宮川坂室・田沢,0266-76-2386,
202142,400090336,長野県,茅野市,336,高部家下,タカベイエシタ,散布地,中世・近世,長野県茅野市宮川高部,0266-76-2386,
202142,400090337,長野県,茅野市,337,柏木,カシワギ,集落跡・生産遺跡,縄文・中世,長野県茅野市金沢大沢,0266-76-2386,
202142,400090338,長野県,茅野市,338,クネ内,クネウチ,集落跡,縄文,長野県茅野市玉川荒神,0266-76-2386,
202142,400090339,長野県,茅野市,339,南堀東,ミナミホリヒガシ,散布地,縄文,長野県茅野市豊平,0266-76-2386,
202142,400090340,長野県,茅野市,340,河原,カワラ,散布地,縄文,長野県茅野市豊平御作田,0266-76-2386,
202142,400090341,長野県,茅野市,341,家裏,イエウラ,集落跡,縄文,長野県茅野市玉川穴山,0266-76-2386,
202142,400090342,長野県,茅野市,342,金鶏金山,キンケイキンザン,生産遺跡,中世,長野県茅野市金沢,0266-76-2386,
202142,400090343,長野県,茅野市,343,駒形城,コマガタジョウ,城館跡,中世,長野県茅野市宮川西茅野,0266-76-2386,
202142,400090344,長野県,茅野市,344,冷山,ツメタヤマ,散布地,旧石器,長野県茅野市北山,0266-76-2386,
202142,400090345,長野県,茅野市,345,斧研,ヨキトギ,集落跡,縄文,長野県茅野市玉川菊沢,0266-76-2386,
202142,400090346,長野県,茅野市,346,構井･阿弥陀堂1号古墳,カマイ・アミダドウイチゴウコフン,古墳,古墳,長野県茅野市ちの茅野町,0266-76-2386,
202142,400090347,長野県,茅野市,347,林上,ハヤシウエ,集落跡・生産遺跡,縄文,長野県茅野市玉川中沢,0266-76-2386,
202142,400090348,長野県,茅野市,348,永明寺山古墳,エイメイジヤマコフン,古墳,古墳,長野県茅野市ちの上原,0266-76-2386,
