全国地方公共団体コード,法人番号,ID,地方公共団体名,名称,名称_カナ,名称_英語,所在地_全国地方公共団体コード,町字ID,所在地_連結表記,所在地_都道府県,所在地_市区町村,所在地_町字,所在地_番地以下,建物名等(方書),緯度,経度,設置者,電話番号,内線番号,連絡先メールアドレス,連絡先FormURL,連絡先備考（その他、SNSなど）,郵便番号,SSID,提供エリア,URL,備考
341002,,,広島県広島市,原爆ドーム,,Atomic Bomb Dome,341002,,広島県広島市中区大手町1-10,,,,,,34.395483 ,132.453592,,,,,,,,,,,
341002,,,広島県広島市,平和記念資料館（東館）,,Hiroshima Peace Memorial Museum,341002,,広島県広島市中区中島町1-2,,,,,,34.391498, 132.453553,,,,,,,,,,,
341002,,,広島県広島市,平和記念資料館（本館）,,Hiroshima Peace Memorial Museum,341002,,広島県広島市中区中島町1-2,,,,,,34.391498, 132.453553,,,,,,,,,,,
341002,,,広島県広島市,縮景園,,Shukkeien,341002,,広島県広島市中区 上幟町2-11,,,,,,34.399395,132.467093,,,,,,,,,,,
341002,,,広島県広島市,広島県立美術館,,Hiroshima Prefectural Art Museum,341002,,広島県広島市中区上幟町2-22,,,,,,34.399833 ,132.466261,,,,,,,,,,,
341002,,,広島県広島市,広島市まんが図書館,,Hiroshima City Manga Library,341002,,広島県広島市南区比治山公園1番4号,,,,,,34.387675,132.474515,,,,,,,,,,,
341002,,,広島県広島市,広島駅南口地下広場案内所,,"TOURIST INFORMATION CENTER, JR Hiroshima Station",341002,,広島県広島市南区松原町9-1,,,,,,34.396231,132.474678,,,,,,,,,,,
341002,,,広島県広島市,広島港（五日市岸壁）※,,,341002,,,,,,,,,,,,,,,,,,,,
341002,,,広島県広島市,おりづるタワー,,HIROSHIMA ORIZURU TOWER,341002,,広島県広島市中区大手町1丁目2-1 ,,,,,,34.395679,132.454733,,,,,,,,,,,
341002,,,広島県広島市,本通商店街,,HonDori　Shopping Street,341002,,,,,,,,34.392927,132.459674,,,,,,,,,,,
341002,,,広島県広島市,金座街商店街,,Kinzagai　Shopping Street,341002,,,,,,,,34.393309,132.46216,,,,,,,,,,,
341002,,,広島県広島市,アリスガーデン,,Alice Garden,341002,, 広島県広島市中区新天地８,,,,,, 34.391838,132.462114 ,,,,,,,,,,,
341002,,,広島県広島市,MAZDA Zoom-Zoomスタジアム,,Mazda Zoom-Zoom Stadium Hiroshima,341002,,広島県広島市南区 南蟹屋2丁目3-1,,,,,,34.391273,132.484578,,,,,,,,,,,
341002,,,広島県広島市,広島電鉄電停（広島駅）,,Hiroshima Station,341002,, 広島県広島市南区松原町４,,,,,,34.396321,132.475188,,,,,,,,,,,
341002,,,広島県広島市,広島電鉄電停（原爆ドーム前）,,Genbaku Dome-mae,341002,, 広島県広島市中区大手町１丁目１０,,,,,,34.396297,132.454113,,,,,,,,,,,
341002,,,広島県広島市,広島電鉄電停（本通）,,Hondori,341002,, 広島県広島市中区紙屋町２丁目３,,,,,,34.393623,132.456999,,,,,,,,,,,
341002,,,広島県広島市,広島電鉄電停（袋町）,,Fukuro-machi ,341002,, 広島県広島市中区袋町５,,,,,,34.391569,132.456355,,,,,,,,,,,
341002,,,広島県広島市,広島電鉄電停（土橋）,,Dobashi,341002,, 広島県広島市中区堺町２丁目６,,,,,,34.394655,132.446271,,,,,,,,,,,
341002,,,広島県広島市,広島電鉄電停（横川駅）,,Yokogawa Station,341002,, 広島県広島市西区横川町３丁目２−３０,,,,,,34.409556,132.450495,,,,,,,,,,,
341002,,,広島県広島市,広島電鉄電停（広電西広島）,,Hiroden-nishi-hiroshima,341002,, 広島県広島市西区己斐本町１丁目１８,,,,,,34.397143,132.427742,,,,,,,,,,,
341002,,,広島県広島市,瀬戸内海汽船,,SETO INLAND SEA LINES,341002,,,,,,,,34.3574313,132.4585318,,,,,,,,,,,
341002,,,広島県広島市,瀬戸内シーライン,,,341002,,,,,,,,,,,,,,,,,,,,
341002,,,広島県広島市,瀬戸内フェリー広島～松山,,,341002,,,,,,,,,,,,,,,,,,,,
341002,,,広島県広島市,ひろしま美術館,,Hiroshima Museum of Art,341002,,広島市中区基町3－2 中央公園内,,,,,,34.398696,132.458112 ,,,,,,,,,,,
341002,,,広島県広島市,広島駅総合案内所,,Hiroshima Tourist Information,341002,,広島県広島市南区松原町2-37 JR広島駅・新幹線口構内2階,,,,,,34.398047,132.475606 ,,,,,,,,,,,
341002,,,広島県広島市,広島高速1号線 温品PA(下り),,Hiroshima expressway public corporation Nukushina Parking area,341002,,広島県広島市東区温品町,,,,,,34.421312,132.520409,,,,,,,,,,,
341002,,,広島県広島市,広島港宇品旅客ターミナル,,Port of Hiroshima-Ujina Passenger Terminal,341002,,広島県広島市南区宇品海岸1丁目13-26,,,,,,34.352407,132.455347,,,,,,,,,,,
341002,,,広島県広島市,広島市湯来交流体験センター,,Yuki Experience Centre,341002,,広島県広島市佐伯区湯来町多田2563-1　湯来ロッジ隣,,,,,,34.473778,132.240753,,,,,,,,,,,
341002,,,広島県広島市,広島市国民宿舎湯来ロッジ,,yukilode,341002,,広島県広島市佐伯区湯来町多田2563-1,,,,,,34.473566,132.239922,,,,,,,,,,,
341002,,,広島県広島市,KOI PLACE（ひろでん会館跡地）,,KOIPLACE,341002,,広島市西区己斐本町1丁目18-3（コイハウス内）,,,,,,34.397207,132.428331,,,,,,,,,,,
341002,,,広島県広島市,そごう広島店,,SOGO HIROSHIMA,341002,,広島県広島市中区基町6-27,,,,,,34.39599 ,132.45714,,,,,,,,,,,
341002,,,広島県広島市,広島市文化交流会館,,"Concert Hall, Hotel",341002,,広島市中区国泰寺町一丁目6番34号,,,,,,34.386725,132.454945,,,,,,,,,,,
341002,,,広島県広島市,広島市役所 市民ロビー,,Hiroshima City Office,341002,,広島県広島市中区国泰寺町1丁目6-34,,,,,,34.386725,132.454945,,,,,,,,,,,
341002,,,広島県広島市,広島市役所 観光政策部フロア,,Hiroshima City Office,341002,,広島県広島市中区国泰寺町1丁目6-34,,,,,,34.386725,132.454945,,,,,,,,,,,
341002,,,広島県広島市,広島市役所 議会ロビー,,Hiroshima City Office,341002,,広島県広島市中区国泰寺町1丁目6-34,,,,,,34.386725,132.454945,,,,,,,,,,,
341002,,,広島県広島市,平和記念公園レストハウス,,Rest House Hiroshima City Tourist Information Center,341002,,広島県広島市中区中島町1-1,,,,,,34.393786,132.453275,,,,,,,,,,,
341002,,,広島県広島市,アステールプラザ,,ASTER PLAZA,341002,,広島県広島市加古町 4-17,,,,,,34.387594,132.44807,,,,,,,,,,,
341002,,,広島県広島市,広島市交通科学館,,Hiroshima City Transportation Science Museum,341002,,広島県広島市安佐南区長楽寺2丁目12-2,,,,,,34.47063,132.428229,,,,,,,,,,,
341002,,,広島県広島市,上村汽船（第八きりくし）,,Kirikushi-Nishioki Port,341002,,,,,,,,34.28434,132.475663,,,,,,,,,,,
341002,,,広島県広島市,上村汽船（第十きりくし）,,Kirikushi-Nishioki Port,341002,,,,,,,,34.28434,132.475663,,,,,,,,,,,
341002,,,広島県広島市,広島駅周辺（猿猴川沿い）,,Riverside Stop,341002,,広島県広島市南区松原町,,,,,,34.3954371,132.4699228,,,,,,,,,,,
341002,,,広島県広島市,観光サイン（立町）,,Tourist sign (Tatemachi),341002,,広島県広島市中区立町２−２９,,,,,,34.3942945,132.4596591,,,,,,,,,,,
341002,,,広島県広島市,元安川オープンカフェ,,Motoyasukawa Open Café,341002,,広島県広島市中区大手町１丁目９−２１,,,,,,34.3939983,132.4497188,,,,,,,,,,,
341002,,,広島県広島市,京橋川オープンカフェ,,Kyobashi-gawa Open Air Cafe',341002,,広島県広島市南区京橋町１１−１１,,,,,,34.394004,132.470319,,,,,,,,,,,
341002,,,広島県広島市,福屋八丁堀本店,,Kyobashi-gawa Open Air Cafe',341002,,広島県広島市南区京橋町１１−１１,,,,,,34.394004,132.470319,,,,,,,,,,,
341002,,,広島県広島市,エールエールA館,,Fukuya Department Store,341002,,広島県広島市中区胡町6-26,,,,,,34.393556,132.462714,,,,,,,,,,,
341002,,,広島県広島市,国立広島原爆死没者追悼平和祈念館,,yaleyale A Bldg.,341002,,広島県広島市南区松原町9-1,,,,,,34.396461,132.473696,,,,,,,,,,,
341002,,,広島県広島市,造幣局広島支局,,Hiroshima National Peace Memorial Hall  for the Atomic Bomb Victims,341002,,広島県広島市中区中島町1-6,,,,,,34.393336 ,132.453514,,,,,,,,,,,
341002,,,広島県広島市,緑化センター,,Hiroshima Mint Bureau,341002,,広島県広島市佐伯区五日市中央6丁目3-1,,,,,,34.378223 ,132.35802,,,,,,,,,,,
341002,,,広島県広島市,広島市森林公園,,,341002,,広島県広島市東区福田町10166-2,,,,,,34.445465,132.549123,,,,,,,,,,,
341002,,,広島県広島市,広島JPビルディング,,Hiroshima City Forest Park,341002,,広島市東区福田町字藤ヶ丸10173番地,,,,,,34.439356,132.550275,,,,,,,,,,,
341002,,,広島県広島市,HIROSHIMA GATE PARK,,,341002,,広島県広島市南区松原町２−６２,,,,,,34.397636,132.473553,,,,,,,,,,,
341002,,,広島県広島市,広島バス,,HIROSHIMA GATE PARK,341002,,広島県広島市中区基町5番地（中央公園の一部）,,,,,,34.397061,132.454973,,,,,,,,,,,
341002,,,広島県広島市,エディオンピースウィング広島,,EDION PEACE WING HIROSHIMA,341002,,広島県広島市中区基町１５−２−,,,,,,34.401603,132.45385,,,,,,,,,,,
341002,,,広島県広島市,ひろしまスタジアムパーク,,HIROSHIMA STADIUM PARK,341002,,広島県広島市中区基町１５番地,,,,,,34.401646,132.453812,,,,,,,,,,,
314002,,,広島県広島市,ＮＴＴ基町ビル　1階　LINKSPARK,,,341002,,広島県広島市中区基町6-77,,,,,,34.39794,132.45657,,,,,,,,,,,
314002,,,広島県広島市,HIROSHIMA GATE PARK,,,341002,,広島県広島市中区基町5-25,,,,,,34.397208,132.454656,,,,,,,,,,,
314002,,,広島県広島市,株式会社アイケイアイ,,,341002,,広島県広島市西区新庄町9-22 三鬼配送ｾﾝﾀｰ,,,,,,34.423638,132.452009,,,,,,,,,,,
314002,,,広島県広島市,中国商事株式会社,,,341002,,広島県広島市中区本川町1丁目1-29,,,,,,34.396447,132.45115,,,,,,,,,,,
314002,,,広島県広島市,ヤマト運輸株式会社,,,341002,,広島県広島市安佐北区深川6丁目20-4,,,,,,34.4800644,132.5357151,,,,,,,,,,,
314002,,,広島県広島市,ヤマト運輸株式会社,,,341002,,広島県広島市安佐南区伴南3丁目1-1 ﾔﾏﾄ運輸3F,,,,,,34.45426985,132.3798887,,,,,,,,,,,
314002,,,広島県広島市,スマートカラーKirei ザ・ビッグ安古市店,,,341002,,広島県広島市安佐南区大町東3丁目32-8 ｻﾞ･ﾋﾞｯｸﾞ安古市店1F,,,,,,34.46731602,132.4616338,,,,,,,,,,,
314002,,,広島県広島市,スマートカラーKirei ゆめタウン五日市店,,,341002,,広島県広島市佐伯区五日市5丁目6-25 ゆめﾀｳﾝ五日市別館1F,,,,,,34.37318002,132.358684,,,,,,,,,,,
314002,,,広島県広島市,髪質改善ヘアエステRECALO,,,341002,,広島県広島市中区新天地5-14 白純ﾋﾞﾙ301,,,,,,34.39132323,132.4616584,,,,,,,,,,,
314002,,,広島県広島市,玉泉院　大州通り会館,,,341002,,広島県広島市南区大州2丁目18-10,,,,,,34.389471,132.4875197,,,,,,,,,,,
314002,,,広島県広島市,玉泉院中央会館,,,341002,,広島県広島市中区吉島町6-17 玉泉院中央会館,,,,,,34.3798856,132.4470421,,,,,,,,,,,
314002,,,広島県広島市,玉泉院可部会館,,,341002,,広島県広島市安佐北区可部南4丁目27-3 玉泉院可部会館,,,,,,34.50331877,132.5133693,,,,,,,,,,,
314002,,,広島県広島市,玉泉院庚午会館,,,341002,,広島県広島市西区庚午北1丁目14-27 玉泉院庚午会館,,,,,,34.38923536,132.4207077,,,,,,,,,,,
314002,,,広島県広島市,サンセルモ庚午コインランドリー,,,341002,,広島県広島市西区庚午北1丁目14-18 ｻﾝｾﾙﾓ庚午ｺｲﾝﾗﾝﾄﾞﾘｰ,,,,,,34.38923536,132.4207077,,,,,,,,,,,
314002,,,広島県広島市,玉泉院長束会館,,,341002,,広島県広島市安佐南区長束2丁目4-9 玉泉院長束会館,,,,,,34.43004896,132.460837,,,,,,,,,,,
314002,,,広島県広島市,玉泉院高陽会館,,,341002,,広島県広島市安佐北区口田1丁目1-5 玉泉院高陽会館,,,,,,34.46360736,132.5002994,,,,,,,,,,,
314002,,,広島県広島市,玉泉院大町会館,,,341002,,広島県広島市安佐南区大町東3丁目32-12 玉泉院大町会館,,,,,,34.46756927,132.461028,,,,,,,,,,,
314002,,,広島県広島市,玉泉院五日市会館,,,341002,,広島県広島市佐伯区利松1丁目5-6 玉泉院五日市会館,,,,,,34.3972194,132.3649079,,,,,,,,,,,
314002,,,広島県広島市,㈱サンセルモ広島支社,,,341002,,広島県広島市西区横川町1丁目4-3 広島支社3F,,,,,,34.4070842,132.451978,,,,,,,,,,,
314002,,,広島県広島市,サンセルモ五日市コインランドリー,,,341002,,広島県広島市佐伯区利松1丁目12-47 ｻﾝｾﾙﾓ五日市ｺｲﾝﾗﾝﾄﾞﾘｰ,,,,,,34.39695202,132.3646455,,,,,,,,,,,
314002,,,広島県広島市,㈱サンセルモ広島支社,,,341002,,広島県広島市西区横川町1丁目4-3 広島支社1F,,,,,,34.4070823,132.4519915,,,,,,,,,,,
314002,,,広島県広島市,合同会社　ｓｔｕｄｉｏスイナ,,,341002,,広島県広島市南区出汐1丁目17-1 第3加藤ﾋﾞﾙ3F,,,,,,34.37936845,132.4752476,,,,,,,,,,,
314002,,,広島県広島市,おひさま教室,,,341002,,広島県広島市東区矢賀4丁目9-5,,,,,,34.39728378,132.4967435,,,,,,,,,,,
314002,,,広島県広島市,デイサービス エナジー,,,341002,,広島県広島市東区戸坂出江2丁目10-24 ｺｰﾎﾟﾌﾞﾙｰﾒ1F,,,,,,34.43309581,132.4883776,,,,,,,,,,,
314002,,,広島県広島市,有限会社コアティ建築設計,,,341002,,広島県広島市西区横川町3丁目8-6,,,,,,34.40957861,132.4540606,,,,,,,,,,,
314002,,,広島県広島市,株式会社オーラルイノベーション,,,341002,,広島県広島市西区古田台2丁目4-50,,,,,,34.39267186,132.4038622,,,,,,,,,,,
314002,,,広島県広島市,株式会社院長,,,341002,,広島県広島市西区商工ｾﾝﾀｰ2丁目10-17,,,,,,34.37229326,132.3987814,,,,,,,,,,,
314002,,,広島県広島市,株式会社建機運輸,,,341002,,広島県広島市安芸区中野東7丁目15-1 株式会社建機運輸,,,,,,34.41199625,132.5849953,,,,,,,,,,,
314002,,,広島県広島市,株式会社千鳥,,,341002,,広島県広島市中区国泰寺町1丁目3-20 ﾀﾞｲﾜﾛｲﾈｯﾄﾎﾃﾙ広島1F,,,,,,34.38760729,132.4554121,,,,,,,,,,,
314002,,,広島県広島市,株式会社富士電子産業,,,341002,,広島県広島市南区東雲1丁目14-24,,,,,,34.38402069,132.4917679,,,,,,,,,,,
314002,,,広島県広島市,しらたきクリニック,,,341002,,広島県広島市佐伯区八幡2-6-16,,,,,,34.3908301,132.3564438,,,,,,,,,,,
314002,,,広島県広島市,太田川学園相談支援事業所リガーレ,,,341002,,広島県広島市安佐南区大町東1-12-10,,,,,,34.45437903,132.4679309,,,,,,,,,,,
314002,,,広島県広島市,徳川　八木店,,,341002,,広島県広島市安佐南区八木2-16-14,,,,,,34.47813644,132.4920265,,,,,,,,,,,
314002,,,広島県広島市,多機能事業所ここあ,,,341002,,広島県広島市安佐南区上安1-17-19,,,,,,34.47561564,132.4483177,,,,,,,,,,,
314002,,,広島県広島市,株式会社アイグラン,,,341002,,広島県広島市西区庚午中1-7-24 NTT庚午ﾋﾞﾙ1F,,,,,,34.38511426,132.4164525,,,,,,,,,,,
314002,,,広島県広島市,株式会社エヌ・ケイ商事,,,341002,,広島県広島市中区大手町1丁目7-21,,,,,,34.39403135,132.454714,,,,,,,,,,,
314002,,,広島県広島市,（株）HOPE,,,341002,,広島県広島市東区戸坂大上2丁目2-47,,,,,,34.42918024,132.492745,,,,,,,,,,,
314002,,,広島県広島市,有限会社トルースワン,,,341002,,広島県広島市南区段原南2丁目4-23,,,,,,34.38569985,132.4785944,,,,,,,,,,,
314002,,,広島県広島市,有限会社ジェプロ,,,341002,,広島県広島市安佐北区深川8丁目37-21,,,,,,34.4695327,132.5405659,,,,,,,,,,,
314002,,,広島県広島市,東洋フード株式会社,,,341002,,広島県広島市中区本川町2丁目1-10 川本ﾋﾞﾙ502,,,,,,34.39818918,132.4515755,,,,,,,,,,,
314002,,,広島県広島市,ゆめマート大町店,,,341002,,広島県広島市安佐南区大町東1丁目8-1 ｲｽﾞﾐ大町店,,,,,,34.45601272,132.4677573,,,,,,,,,,,
314002,,,広島県広島市,MeMe PALETTE,,,341002,,広島県広島市中区本通9-29 平田ﾋﾞﾙ1階,,,,,,34.39244527,132.4606945,,,,,,,,,,,
314002,,,広島県広島市,学校法人IGL医療福祉専門学校,,,341002,,広島県広島市安佐北区安佐町大字後山2407,,,,,,34.49980432,132.4451548,,,,,,,,,,,
314002,,,広島県広島市,三滝ひまわり,,,341002,,広島県広島市西区三滝本町2丁目13-34-2,,,,,,34.41796646,132.4436558,,,,,,,,,,,
314002,,,広島県広島市,温品光霊苑,,,341002,,広島県広島市東区温品5丁目10-48,,,,,,34.41397884,132.50622,,,,,,,,,,,
314002,,,広島県広島市,中国SC開発株式会社　西休憩室,,,341002,,広島県広島市南区松原町1-2 ekie(西1F)西休憩室,,,,,,34.39763167,132.4768777,,,,,,,,,,,
314002,,,広島県広島市,中国SC開発株式会社　東休憩室,,,341002,,広島県広島市南区松原町1-2 ekie(東1F)東休憩室,,,,,,34.39763167,132.4768777,,,,,,,,,,,
314002,,,広島県広島市,新庄保育園,,,341002,,広島県広島市西区新庄町41-27,,,,,,34.42249729,132.4505477,,,,,,,,,,,
314002,,,広島県広島市,三瀧寺,,,341002,,広島県広島市西区三滝山４１１,,,,,,34.42166,132.43684,,,,,,,,,,,
314002,,,広島県広島市,広島市豪雨災害伝承館,,,341002,,広島県広島市安佐南区八木3-24-23,,,,,,34.4827663,132.4902501,,,,,,,,,,,
314002,,,広島県広島市,日本冷熱工業株式会社,,,341002,,広島県広島市佐伯区五日市7-8-19,,,,,,34.37689515,132.3600556,,,,,,,,,,,
314002,,,広島県広島市,米倉スパサロン,,,341002,,広島県広島市中区基町6-78リーガロイヤルホテル広島10F,,,,,,34.39722913,132.4572615,,,,,,,,,,,
314002,,,広島県広島市,株式会社plusOne,,,341002,,広島県広島市東区矢賀3丁目11-24-102 坪井ﾋﾞﾙ,,,,,,34.40581948,132.4992115,,,,,,,,,,,
314002,,,広島県広島市,旭化成ホームズ株式会社　ちゅーピー展示場,,,341002,,広島県広島市西区商工ｾﾝﾀｰ8丁目12-12,,,,,,34.36239129,132.3844044,,,,,,,,,,,
314002,,,広島県広島市,ヤマト運輸株式会社,,,341002,,広島県広島市安佐北区三入3丁目11-1,,,,,,34.5397856,132.5274947,,,,,,,,,,,
314002,,,広島県広島市,ザキューブ大手町,,,341002,,広島県広島市中区大手町1丁目7-21 ﾊﾟｰﾗｰｸﾞﾗﾝﾄﾞﾊﾟﾚｽ2F,,,,,,34.39403024,132.454714,,,,,,,,,,,
314002,,,広島県広島市,株式会社皐月,,,341002,,広島県広島市西区観音新町1丁目3-25 Kﾋﾞﾙ観音1F,,,,,,34.37833443,132.427963,,,,,,,,,,,
314002,,,広島県広島市,広島うどん じん,,,341002,,広島県広島市安佐北区口田南8丁目14-15,,,,,,34.46479339,132.5046888,,,,,,,,,,,
314002,,,広島県広島市,株式会社高陽自動車学校,,,341002,,広島県広島市安佐北区上深川町125,,,,,,34.47618479,132.556877,,,,,,,,,,,
314002,,,広島県広島市,ブローカジノ流川,,,341002,,広島県広島市中区流川町7-6 第5白菱ﾋﾞﾙB1F,,,,,,34.38924945,132.4631674,,,,,,,,,,,
314002,,,広島県広島市,ハジマリノマド,,,341002,,広島県広島市中区大手町2丁目2-9ビル博丈大手町2階,,,,,,34.39282838,132.4559513,,,,,,,,,,,
314002,,,広島県広島市,有限会社イマモト印刷,,,341002,,広島県広島市中区八丁堀8-12 今元ﾋﾞﾙ3F,,,,,,34.39587119,132.4621859,,,,,,,,,,,
314002,,,広島県広島市,cafe and bar hybrid,,,341002,,広島県広島市中区大手町1丁目5-13 清和大手町ﾋﾞﾙ2F,,,,,,34.39426118,132.4553025,,,,,,,,,,,
314002,,,広島県広島市,株式会社緑屋ゴルフ,,,341002,,広島県広島市東区光町1-12-16,,,,,,34.39918099,132.4780623,,,,,,,,,,,
314002,,,広島県広島市,島根県広島事務所,,,341002,,広島県広島市中区立町1-23 ごうぎん広島ﾋﾞﾙ6F,,,,,,34.39388515,132.4614877,,,,,,,,,,,
314002,,,広島県広島市,第一ボデー株式会社,,,341002,,広島県広島市西区山手町1-9,,,,,,34.40886846,132.4406589,,,,,,,,,,,
314002,,,広島県広島市,Honda Cars 呉中矢野SC,,,341002,,広島県広島市安芸区矢野東7-4-12,,,,,,34.33988253,132.5399039,,,,,,,,,,,
314002,,,広島県広島市,放課後等デイサービス　のぞみ,,,341002,,広島県広島市東区温品2-8-40大崎ﾋﾞﾙ4F,,,,,,34.40420956,132.5051491,,,,,,,,,,,
314002,,,広島県広島市,エナジーデイあさがお,,,341002,,広島県広島市南区大須賀町17-5ｼｬﾝﾎﾟｰﾙ広交209号,,,,,,34.40173856,132.4690015,,,,,,,,,,,
314002,,,広島県広島市,おひさま,,,341002,,広島県広島市東区矢賀2-10-54矢賀ﾊｲﾂ102号,,,,,,34.39898515,132.4956407,,,,,,,,,,,
314002,,,広島県広島市,株式会社古都葉,,,341002,,広島県広島市安佐南区八木2-9-30ｸﾞﾗﾝﾏｽﾄ八木参番館101,,,,,,34.47850409,132.4946042,,,,,,,,,,,
314002,,,広島県広島市,タスクブランチ株式会社,,,341002,,広島県広島市中区基町12-8宝ﾋﾞﾙ403,,,,,,34.39510112,132.4595982,,,,,,,,,,,
314002,,,広島県広島市,株式会社松田組,,,341002,,広島県広島市安佐南区西原7-8-29,,,,,,34.43985524,132.4745328,,,,,,,,,,,
314002,,,広島県広島市,相談支援事業所まいはーとここあ,,,341002,,広島県広島市安佐南区緑井1-28-30 ｱﾄﾞﾊﾞﾝｽ緑井A棟 103,,,,,,34.46224979,132.4739226,,,,,,,,,,,
314002,,,広島県広島市,msk産業,,,341002,,広島県広島市安佐北区落合南5-10-58,,,,,,34.4640213,132.5182831,,,,,,,,,,,
314002,,,広島県広島市,株式会社サークルメンテ,,,341002,,広島県広島市西区三滝本町2-10-1,,,,,,34.41746055,132.4430082,,,,,,,,,,,
314002,,,広島県広島市,株式会社ＥＩＧＨＴ,,,341002,,広島県広島市佐伯区五日市中央1-1-10-2月光五日市中央弐番館104号,,,,,,34.3670055,132.3552599,,,,,,,,,,,
314002,,,広島県広島市,野坂歯科医院,,,341002,,広島県広島市東区牛田新町1-6-36光藤ﾋﾞﾙ2階,,,,,,34.4205819,132.4657451,,,,,,,,,,,
314002,,,広島県広島市,株式会社SIONSTAFFサービス,,,341002,,広島県広島市西区草津港1-48-22,,,,,,34.36470125,132.398163,,,,,,,,,,,
314002,,,広島県広島市,株式会社ＦＭＳ,,,341002,,広島県広島市南区段原南1-25-7,,,,,,34.38108305,132.4762087,,,,,,,,,,,
314002,,,広島県広島市,積水ハウス株式会社,,,341002,,広島県広島市安佐南区西原5-16-6,,,,,,34.44009089,132.4676333,,,,,,,,,,,
314002,,,広島県広島市,大戸屋　ごはん処　広島本通店,,,341002,,広島県広島市中区本通6-5 ｸﾗｳﾝﾋﾞﾙ2F,,,,,,34.39351241,132.4579419,,,,,,,,,,,
314002,,,広島県広島市,広島県花き商業協同組合,,,341002,,広島県広島市西区草津港1-8-1 広島市中央卸売市場花き棟内,,,,,,34.36867677,132.4040216,,,,,,,,,,,
314002,,,広島県広島市,近畿日本ツーリスト株式会社　広島八丁堀店,,,341002,,広島県広島市中区八丁堀16-11スタートラム１F,,,,,,34.39451987,132.4619035,,,,,,,,,,,
314002,,,広島県広島市,晃円寺,,,341002,,広島県広島市西区南観音4-2-1 晃円寺観世音陵苑ﾋﾞﾙ 1F,,,,,,34.388402,132.427926,,,,,,,,,,,
314002,,,広島県広島市,株式会社児玉ゴム商会,,,341002,,広島県広島市中区河原町3-3,,,,,,34.39088155,132.4462986,,,,,,,,,,,
314002,,,広島県広島市,株式会社新陽,,,341002,,"広島県広島市佐伯区
五日市町大字昭和台28-10",,,,,,34.37779896,132.3677588,,,,,,,,,,,
314002,,,広島県広島市,フレーブヘアーデザイン,flaeve hair design,,341002,,広島県 広島市安佐南区緑井２丁目 ８－６ ワイズビルド緑井１０１,,,,,,34.4677928,132.4721931,,,,,,,7310103,Hiroshima_Free_Wi-Fi_Lite,,,
314002,,,広島県広島市,ヌーベルチャイナアジアン,Nouvelle China ASIAN,,341002,,広島県 広島市中区 袋町７－１１ ＩＧＡ５０ビル,,,,,,34.3915411,132.4604694,,,,,,,7300036,Hiroshima_Free_Wi-Fi_Lite,,,
314002,,,広島県広島市,Ｓｏｌａｒｅｈａｉｒ,Solare hair,,341002,,広島県 広島市佐伯区 八幡１丁目２１－２４ 城山みとＡ,,,,,,34.3869014,132.3564214,,,,,,,7315116,Hiroshima_Free_Wi-Fi_Lite,,,
314002,,,広島県広島市,ジュスィプラス,Jusui plus,,341002,,広島県 広島市西区 大芝１丁目２－３ 清水ビル１Ｆ,,,,,,34.4187222,132.4598103,,,,,,,7330001,Hiroshima_Free_Wi-Fi_Lite,,,
314002,,,広島県広島市,株式会社鴨川グランドホテル広島営業所,THE KAMOGAWA GRAND HOTEL LTD. Hiroshima Office,,341002,,広島県 広島市中区 幟町７－３ 広栄堂ビル４Ｆ　,,,,,,34.3946942,132.4665247,,,,,,,7300016,Hiroshima_Free_Wi-Fi_Lite,,,
314002,,,広島県広島市,広島スバル　東雲店,Hiroshima SUBARU INC. Shinonometen,,341002,,広島県 広島市南区東雲本町 ３丁目５－２４ ,,,,,,34.3789736,132.4848258,,,,,,,7340023,Hiroshima_Free_Wi-Fi_Lite,,,
314002,,,広島県広島市,広島スバル　五日市店,Hiroshima SUBARU INC. Itsukaichiten,,341002,,広島県 広島市佐伯区五日市中央 ６丁目２－４８ ,,,,,,34.3814683,132.3551964,,,,,,,7315128,Hiroshima_Free_Wi-Fi_Lite,,,
314002,,,広島県広島市,広島スバル　本社・中広ショールーム,Hiroshima SUBARU INC. Head Office Nakahiro Showroom,,341002,,広島県 広島市西区中広町 １丁目３－１７ ,,,,,,34.401715,132.4419094,,,,,,,7330012,Hiroshima_Free_Wi-Fi_Lite,,,
314002,,,広島県広島市,広島スバル　中広店,Hiroshima SUBARU INC. Nakahiroten,,341002,,広島県 広島市西区小河内町 ２丁目８－１ ,,,,,,34.4014208,132.4389508,,,,,,,7330025,Hiroshima_Free_Wi-Fi_Lite,,,
314002,,,広島県広島市,広島スバル　緑井店,Hiroshima SUBARU INC. Midoriiten,,341002,,広島県 広島市安佐南区緑井 ６丁目２０－１０ ,,,,,,34.4738083,132.4859944,,,,,,,7310103,Hiroshima_Free_Wi-Fi_Lite,,,
314002,,,広島県広島市,子ども育成舎ゆう,Kodomo Ikuseisha Yu,,341002,,広島県 広島市安佐北区 可部７丁目６－３０－４ ,,,,,,34.5222369,132.5106825,,,,,,,7310221,Hiroshima_Free_Wi-Fi_Lite,,,
314002,,,広島県広島市,アジア雑貨イトウ・ショウジ,Asia Zakka Ito Shoji,,341002,,広島県 広島市西区 己斐本町１丁目１８－１１ ,,,,,,34.3968433,132.4280403,,,,,,,7330812,Hiroshima_Free_Wi-Fi_Lite,,,
314002,,,広島県広島市,ポワブリエール本店,Poivriere Honten,,341002,,広島県 広島市中区舟入南 ３丁目１２－２４ ポワブリエール本店,,,,,,34.3770947,132.4366544,,,,,,,7300847,Hiroshima_Free_Wi-Fi_Lite,,,
314002,,,広島県広島市,株式会社ボクデン広島支店,"Bokuden Co., Ltd. Hiroshima Branch",,341002,,広島県 広島市中区堀川町 ４－２０ タカタアレー１．２Ｆ,,,,,,34.3926633,132.4636861,,,,,,,7300033,Hiroshima_Free_Wi-Fi_Lite,,,
314002,,,広島県広島市,ムッシム・パネン,MUSIM PANEN,,341002,,広島県 広島市中区銀山町 １－１６ 和光銀山町レジデンス１階,,,,,,34.3920522,132.4686444,,,,,,,7300022,Hiroshima_Free_Wi-Fi_Lite,,,
314002,,,広島県広島市,入試小論文ゼミ,Nyushi Shorombun Zemi,,341002,,広島県 広島市中区大手町３丁目 １－７ ユナイテッドＭＫビル６０１号,,,,,,34.3889408,132.4551092,,,,,,,7300051,Hiroshima_Free_Wi-Fi_Lite,,,
314002,,,広島県広島市,イタリア料理ソッジョルノ,Italian cuisine Soggiorno,,341002,,広島県 広島市中区小町幟町 １０－１０ 吉村ビル１Ｆ,,,,,,34.3939553,132.4668701,,,,,,,7300016,Hiroshima_Free_Wi-Fi_Lite,,,
314002,,,広島県広島市,ヘアーサロンボーズ,Hair Salon BO-ZU,,341002,,広島県 広島市安佐北区安佐町大字飯室 ２９０１－１０ ヘアーサロンボーズ内,,,,,,34.5443886,132.4294206,,,,,,,7311142,Hiroshima_Free_Wi-Fi_Lite,,,
314002,,,広島県広島市,バセットカフェ,BASSET CAFE,,341002,,広島県 広島市西区己斐本町 １丁目９－２５－１ ,,,,,,34.3984711,132.4296461,,,,,,,7330812,Hiroshima_Free_Wi-Fi_Lite,,,
314002,,,広島県広島市,ＮＴＴ袋町ビル,NTT Fukuromachi Bldg.,,341002,,広島県 広島市中区袋町 ６－１１ ＮＴＴ袋町ビル,,,,,,34.3913158,132.4594283,,,,,,,7300036,Hiroshima_Free_Wi-Fi_Lite,,,
314002,,,広島県広島市,ＦＯＯ,FOO,,341002,,広島県 広島市中区堺町 ２丁目５－１６ メゾン原野１階,,,,,,34.3946994,132.4451789,,,,,,,7300853,Hiroshima_Free_Wi-Fi_Lite,,,
314002,,,広島県広島市,ヘアーサロン岡本,Hair Salon Okamoto,,341002,,広島県 広島市安芸区上瀬野 ２丁目１９－２７ ,,,,,,34.4238658,132.6188494,,,,,,,7390301,Hiroshima_Free_Wi-Fi_Lite,,,
314002,,,広島県広島市,クレアーレ八幡はりきゅう整骨院,Kureare Yahata Harikyu Osteopathic Clinic,,341002,,広島県 広島市佐伯区 八幡４丁目９―９ ＫＹビル１Ｆ,,,,,,34.3936314,132.3580325,,,,,,,7315116,Hiroshima_Free_Wi-Fi_Lite,,,
314002,,,広島県広島市,染と茶可部店,Sometochakabeteto,,341002,,広島県 広島市安佐北区亀山 ７丁目１３－５ ,,,,,,34.5296906,132.4884431,,,,,,,7310231,Hiroshima_Free_Wi-Fi_Lite,,,
314002,,,広島県広島市,永田クリニック,Nagata Clinic,,341002,,広島県 広島市西区 古江東町７－２５ ,,,,,,34.3871158,132.4111303,,,,,,,7330872,Hiroshima_Free_Wi-Fi_Lite,,,
314002,,,広島県広島市,黒田真幸司法書士事務所,Kuroda Masayuki Judicial Scrivener Office,,341002,,広島県 広島市安佐北区 落合１丁目４４－２０ 金光ビル１階,,,,,,34.4716008,132.5112511,,,,,,,7391731,Hiroshima_Free_Wi-Fi_Lite,,,
314002,,,広島県広島市,ペットショップミマチ,Pet Shop Mimachi,,341002,,広島県 広島市安佐北区落合南 １丁目１１－１８ ,,,,,,34.4674656,132.5071661,,,,,,,7391732,Hiroshima_Free_Wi-Fi_Lite,,,
314002,,,広島県広島市,レクエール（ＬＥＱＵＥＬ）,LEQUEL,,341002,,広島県 広島市中区 富士見町１４－１２ 第２中田ビル１Ｆ,,,,,,34.3862839,132.4598639,,,,,,,7300043,Hiroshima_Free_Wi-Fi_Lite,,,
314002,,,広島県広島市,松本正司税理士事務所,Matsumoto Masashi Tax Accountant Office,,341002,,広島県 広島市中区 中島町８－８ 田城ビル１階,,,,,,34.3894356,132.4505119,,,,,,,7300811,Hiroshima_Free_Wi-Fi_Lite,,,
314002,,,広島県広島市,土橋眼科,Dobashi Ophthalmological Clinic,,341002,,広島県 広島市中区小網町 １－１６ 金谷ビル,,,,,,34.3939797,132.4458178,,,,,,,7300855,Hiroshima_Free_Wi-Fi_Lite,,,
314002,,,広島県広島市,フジグラン広島内　フードコート広島店,Fuji Grand Hiroshima Food court Hiroshima store,,341002,,広島県 広島市中区宝町 ２－１ ,,,,,,34.3861169,132.4642586,,,,,,,7300044,Hiroshima_Free_Wi-Fi_Lite,,,
314002,,,広島県広島市,ｆｌｕｇｅｌ,flugel,,341002,,広島県 広島市安佐南区東原 ３丁目２５－１８ ヒルズ３０－１Ｆ,,,,,,34.4451064,132.4820772,,,,,,,7310112,Hiroshima_Free_Wi-Fi_Lite,,,
314002,,,広島県広島市,だいこく接骨鍼灸院高陽院,Daikoku acupuncture & orthopedic Kouyou clinic,,341002,,広島県 広島市安佐北区深川 ５丁目４１－９ 深川ビル１階,,,,,,34.4791972,132.5282164,,,,,,,7391751,Hiroshima_Free_Wi-Fi_Lite,,,
314002,,,広島県広島市,中谷整形外科,Nakatani orthopedics,,341002,,広島県 広島市東区愛宕町 ９－１７ ,,,,,,34.3961075,132.4798933,,,,,,,7320054,Hiroshima_Free_Wi-Fi_Lite,,,
314002,,,広島県広島市,プラネット美容室,Beauty Salon Planet ,,341002,,広島県 広島市中区舟入本町 ２－３２ 沖本ビル－１階,,,,,,34.3852803,132.4451128,,,,,,,7300843,Hiroshima_Free_Wi-Fi_Lite,,,
314002,,,広島県広島市,にしなか歯科クリニック,Nishinaka Dental Clinic,,341002,,広島県 広島市中区大手町 １丁目４－３ 大手町井上ビル　３Ｆ,,,,,,34.3949039,132.4560503,,,,,,,7300051,Hiroshima_Free_Wi-Fi_Lite,,,
314002,,,広島県広島市,平尾歯科医院,Hirao Dental clinic,,341002,,広島県 広島市西区南観音 ７丁目５－１１ ロイヤルシャトー中田－１０２号,,,,,,34.3809167,132.4287408,,,,,,,7330035,Hiroshima_Free_Wi-Fi_Lite,,,
314002,,,広島県広島市,鮨あらた,Sushi Arata,,341002,,広島県 広島市中区大手町 ３丁目１－１０ 大手町さくらビル　１０２号,,,,,,34.3886658,132.4549981,,,,,,,7300051,Hiroshima_Free_Wi-Fi_Lite,,,
314002,,,広島県広島市,グループホームふかわの家,Group home Fukawanoie,,341002,,広島県 広島市安佐北区深川 ５丁目７－３２ ,,,,,,34.4835781,132.5298889,,,,,,,7391751,Hiroshima_Free_Wi-Fi_Lite,,,
314002,,,広島県広島市,うりゅう歯科医院,Uryu Dental clinic,,341002,,広島県 広島市中区昭和町 ６－２８ ,,,,,,34.3832558,132.4651864,,,,,,,7300046,Hiroshima_Free_Wi-Fi_Lite,,,
314002,,,広島県広島市,有限会社アクティヴ,"Active Co., Ltd.",,341002,,広島県 広島市安佐南区安東 ４丁目１７－１ ,,,,,,34.4782661,132.45642,,,,,,,7310153,Hiroshima_Free_Wi-Fi_Lite,,,
314002,,,広島県広島市,カーホープ広島,Car Hope Hiroshima,,341002,,広島県 広島市南区仁保 ４丁目１－４ ,,,,,,34.3665675,132.4991286,,,,,,,7340026,Hiroshima_Free_Wi-Fi_Lite,,,
314002,,,広島県広島市,アーバンカットハウス,Urban Cut House,,341002,,広島県 広島市東区温品 ７丁目２－１７ ,,,,,,34.4178783,132.5102656,,,,,,,7320033,Hiroshima_Free_Wi-Fi_Lite,,,
314002,,,広島県広島市,有限会社スピリット,"Spirit Co., Ltd.",,341002,,広島県 広島市佐伯区八幡東 ４丁目３４－１３ ,,,,,,34.3917456,132.3656589,,,,,,,7315115,Hiroshima_Free_Wi-Fi_Lite,,,
314002,,,広島県広島市,いのうえ内科脳神経クリニック,Inoue intenal medicine and cranial nerve clinic ,,341002,,広島県 広島市中区舟入川口町 ５－７ 井上内科胃腸科医院,,,,,,34.3823861,132.4411961,,,,,,,7300845,Hiroshima_Free_Wi-Fi_Lite,,,
314002,,,広島県広島市,田室自動車工業有限会社,"Tamuro Jidoshakogyo Co., Ltd.",,341002,,広島県 広島市安佐南区長束 ６丁目１０－２２ ,,,,,,34.4350428,132.4522989,,,,,,,7310135,Hiroshima_Free_Wi-Fi_Lite,,,
314002,,,広島県広島市,中央カーボン,Chuo Kabon,,341002,,広島県 広島市西区山手町 １０ 中央カーボン,,,,,,34.4061978,132.4372731,,,,,,,7330804,Hiroshima_Free_Wi-Fi_Lite,,,
314002,,,広島県広島市,株式会社みむら,"Mimura Co., Ltd.",,341002,,広島県 広島市中区江波東 １丁目１４－３２ ,,,,,,34.3725367,132.4385544,,,,,,,7300832,Hiroshima_Free_Wi-Fi_Lite,,,
314002,,,広島県広島市,中野中央薬局,Nakano chuo Pharmacy,,341002,,広島県 広島市安芸区中野東 １丁目２０－２５ セゾンユウワ１階,,,,,,34.3853769,132.5616497,,,,,,,7390323,Hiroshima_Free_Wi-Fi_Lite,,,
314002,,,広島県広島市,ＦｉＳヘアーメイク　アクア広島センター街店,FiS hair make aqua Hiroshima sentagai store,,341002,,広島県 広島市中区基町 ６－２７ 広島バスセンタービル広島センター街４Ｆ,,,,,,34.3962011,132.4572253,,,,,,,7300011,Hiroshima_Free_Wi-Fi_Lite,,,
314002,,,広島県広島市,小田医院,Oda clinic,,341002,,広島県 広島市佐伯区五日市町大字上河内 ４９８－１ ,,,,,,34.4141225,132.354005,,,,,,,7315151,Hiroshima_Free_Wi-Fi_Lite,,,
314002,,,広島県広島市,香川商会,Kagawa shokai,,341002,,広島県 広島市安佐北区深川 ３丁目１６－１５ ,,,,,,34.4893436,132.5269133,,,,,,,7391751,Hiroshima_Free_Wi-Fi_Lite,,,
314002,,,広島県広島市,海鮮居酒屋やぶれかぶれ,Kaisen izakaya yaburekabure tavern,,341002,,広島県 広島市中区舟入本町 ７－３１ ,,,,,,34.386175,132.4416181,,,,,,,7300843,Hiroshima_Free_Wi-Fi_Lite,,,
314002,,,広島県広島市,ノムラストアー馬木店,Nomura store Umaki store,,341002,,広島県 広島市東区馬木 ５丁目１４１７－１ ノムラストアー,,,,,,34.4380014,132.5291344,,,,,,,7320031,Hiroshima_Free_Wi-Fi_Lite,,,
314002,,,広島県広島市,炭火と魚　楽空,Charcoal fire & fish Raku izakaya ,,341002,,広島県 広島市佐伯区吉見園 １－１２ 吉見園コーポ１０１号,,,,,,34.3668872,132.3703247,,,,,,,7315132,Hiroshima_Free_Wi-Fi_Lite,,,
314002,,,広島県広島市,まつや食堂,Matsuya shokudo restaurant,,341002,,広島県 広島市佐伯区八幡東 ２丁目１５－４ ,,,,,,34.3883619,132.3622397,,,,,,,7315115,Hiroshima_Free_Wi-Fi_Lite,,,
314002,,,広島県広島市,大諭海産,Osato kaisan seafood - oyster,,341002,,広島県 広島市西区草津港 １丁目１４－４ ,,,,,,34.3627739,132.4026261,,,,,,,7330832,Hiroshima_Free_Wi-Fi_Lite,,,
314002,,,広島県広島市,トータルサロン・ミーナ,Total salon Mina,,341002,,広島県 広島市中区幟町 １４－１６ 第２宇佐川ビル　１０１号,,,,,,34.3937522,132.4665386,,,,,,,7300016,Hiroshima_Free_Wi-Fi_Lite,,,
314002,,,広島県広島市,あつあつ揚立てっちゃん青崎店,Atsu atsu agetate Tetchan Aosaki store,,341002,,広島県 広島市南区青崎 ２丁目２４－１ ,,,,,,34.3695061,132.5101675,,,,,,,7340053,Hiroshima_Free_Wi-Fi_Lite,,,
314002,,,広島県広島市,鏡花堂,Kyokado,,341002,,広島県 広島市佐伯区五日市中央 ４丁目１０－１０ ,,,,,,34.3713833,132.3535964,,,,,,,7315128,Hiroshima_Free_Wi-Fi_Lite,,,
314002,,,広島県広島市,釜八,Kamahachi,,341002,,広島県 広島市中区堀川町 ６丁目４ ,,,,,,34.3927911,132.4623914,,,,,,,7300033,Hiroshima_Free_Wi-Fi_Lite,,,
314002,,,広島県広島市,高陽耳鼻咽喉科,Koyo otolaryngology ,,341002,,広島県 広島市安佐北区亀崎 １丁目２－４ タウンセンタービル１階,,,,,,34.4812053,132.5225981,,,,,,,7391742,Hiroshima_Free_Wi-Fi_Lite,,,
314002,,,広島県広島市,セブンイレブン広島古市２丁目店,7-Eleven Hiroshima Furuichi 2-chome store,,341002,,広島県 広島市安佐南区古市 ２丁目２－２５ ,,,,,,34.4572211,132.4754597,,,,,,,7310123,Hiroshima_Free_Wi-Fi_Lite,,,
314002,,,広島県広島市,有限会社イーストホーム,"East home Co., Ltd.",,341002,,広島県 広島市中区千田町 ２丁目１１－１ シャトーＭＹ２０２号,,,,,,34.3786556,132.4570317,,,,,,,7300052,Hiroshima_Free_Wi-Fi_Lite,,,
314002,,,広島県広島市,ＲＩＣ鳴戸屋,Ric Narutoya convenience store,,341002,,広島県 広島市西区庚午北 ４丁目８－３０ 鳴戸ビル　１階,,,,,,34.3866975,132.4187664,,,,,,,7330821,Hiroshima_Free_Wi-Fi_Lite,,,
314002,,,広島県広島市,ひろしん研修センター,Hiroshin training center of Hiroshima shinyo kinko,,341002,,広島県 広島市西区井口明神 ２丁目１３－４ ,,,,,,34.3708422,132.3894239,,,,,,,7330841,Hiroshima_Free_Wi-Fi_Lite,,,
314002,,,広島県広島市,とり鉄広島本通店,Toritetsu Yakitori restaurant Hiroshima Hondori branch,,341002,,広島県 広島市中区本通 ４－１７ ルフェールビル２階,,,,,,34.3932717,132.4592064,,,,,,,7300035,Hiroshima_Free_Wi-Fi_Lite,,,
314002,,,広島県広島市,ＶＡＮｉｌｌＡ　広島店,VANillA jewelry boutique Hiroshima branch,,341002,,広島県 広島市中区袋町 ８－１０ 広島明治洋行ビル１Ｆ,,,,,,34.3910689,132.4595981,,,,,,,7300036,Hiroshima_Free_Wi-Fi_Lite,,,
314002,,,広島県広島市,ＭｏｌｌｙＭａｌｏｎｅｓ　モーリーマロンズ,Molly Malone's Authentic Irish Pub ,,341002,,広島県 広島市中区新天地 １－２０ 広島帝劇会館４階,,,,,,34.3917522,132.4632886,,,,,,,7300034,Hiroshima_Free_Wi-Fi_Lite,,,
314002,,,広島県広島市,株式会社冨士谷商店,"Fujitani shoten Co., Ltd.",,341002,,広島県 広島市南区段原 １丁目－１－５ ,,,,,,34.3899583,132.4752989,,,,,,,7320811,Hiroshima_Free_Wi-Fi_Lite,,,
314002,,,広島県広島市,おひさま歯科・小児歯科,Ohisama children's dental clinic ,,341002,,広島県 広島市中区光南 ４丁目５－３４ 安田ビル１０３号,,,,,,34.3667958,132.4460269,,,,,,,7300825,Hiroshima_Free_Wi-Fi_Lite,,,
314002,,,広島県広島市,株式会社ＩＤＤ,"IDD Co., Ltd",,341002,,広島県 広島市東区若草町 １４―２８ 西村ホワイトビル２０１,,,,,,34.3977794,132.4787183,,,,,,,7320053,Hiroshima_Free_Wi-Fi_Lite,,,
314002,,,広島県広島市,黒木会計株式会社,"Kuroki Kaikei Co., Ltd.",,341002,,広島県 広島市東区牛田南 １丁目８－４０ ,,,,,,34.4052394,132.4717328,,,,,,,7320064,Hiroshima_Free_Wi-Fi_Lite,,,
314002,,,広島県広島市,有限会社小尻商会,"Kojiri Firm Co., Ltd.",,341002,,広島県 広島市東区愛宕町 ２－２０ ,,,,,,34.3972714,132.4839875,,,,,,,7320054,Hiroshima_Free_Wi-Fi_Lite,,,
314002,,,広島県広島市,やまもと商店,Yamamoto shop,,341002,,広島県 広島市東区曙 １－４－２９ ,,,,,,34.3972078,132.4850725,,,,,,,7320045,Hiroshima_Free_Wi-Fi_Lite,,,
314002,,,広島県広島市,アマノマネジメントサービス　広島中央コート地下駐車場,Amano Management Service Hiroshima Central Court Basement Parking,,341002,,広島県 広島市中区基町 ２－１８ 広島中央庭球場＜地下駐車場＞,,,,,,34.3982433,132.4600719,,,,,,,7300011,Hiroshima_Free_Wi-Fi_Lite,,,
314002,,,広島県広島市,株式会社中野総合保険サービス,"Nakano Sogo Hoken Service Co., Ltd.",,341002,,広島県 広島市中区中島町 ８－１９ ,,,,,,34.3892467,132.4500756,,,,,,,7300811,Hiroshima_Free_Wi-Fi_Lite,,,
314002,,,広島県広島市,炭火焼　西尾,Sumibiyaki Nishio Restaurant,,341002,,広島県 広島市中区銀山町 ６－１５ 小川ビル１Ｆ,,,,,,34.3919022,132.4674111,,,,,,,7300022,Hiroshima_Free_Wi-Fi_Lite,,,
314002,,,広島県広島市,ＮＴＴ上八丁堀ビル,NTT Kamihacchobori Bldg.,,341002,,広島県 広島市中区上八丁堀 ６－６５ ＮＴＴ上八丁堀ビル２Ｆ　自販機,,,,,,34.4005239,132.4616661,,,,,,,7300012,Hiroshima_Free_Wi-Fi_Lite,,,
314002,,,広島県広島市,スズキ広島中央,Suzuki Hiroshima Chuo Car Dealer,,341002,,広島県 広島市南区西蟹屋 ４丁目８－７ ,,,,,,34.3904083,132.4820825,,,,,,,7320804,Hiroshima_Free_Wi-Fi_Lite,,,
314002,,,広島県広島市,バランス均整院,Balance Osteopathic Clinic,,341002,,広島県 広島市安佐北区 可部２丁目１２－２２ ,,,,,,34.5153653,132.5118747,,,,,,,7310021,Hiroshima_Free_Wi-Fi_Lite,,,
314002,,,広島県広島市,合同会社　ＫＲＳ,KRS LLC,,341002,,広島県 広島市佐伯区藤の木 ３丁目７－１２ ,,,,,,34.4246028,132.3637897,,,,,,,7315103,Hiroshima_Free_Wi-Fi_Lite,,,
314002,,,広島県広島市,超覚寺,Chokakuji Temple,,341002,,広島県 広島市中区 八丁堀５－２ ,,,,,,34.39656,132.4639022,,,,,,,7300013,Hiroshima_Free_Wi-Fi_Lite,,,
314002,,,広島県広島市,Ｂｅａｕｔｙ＆Ｒｅｌａｘａｔｉｏｎ　ＳＥＤＯＮＡ,Beauty & Relaxation SEDONA Beauty Salon,,341002,,広島県 広島市安佐北区落合 ５丁目３２－２ ,,,,,,34.4774953,132.5261667,,,,,,,7391731,Hiroshima_Free_Wi-Fi_Lite,,,
314002,,,広島県広島市,二葉,Futaba Restaurant,,341002,,広島県 広島市東区 二葉の里２丁目５－１１ 披露宴会場二葉,,,,,,34.4040925,132.4714856,,,,,,,7320057,Hiroshima_Free_Wi-Fi_Lite,,,
314002,,,広島県広島市,美容室ファッソン,Beauty Salon Fasson,,341002,,広島県 広島市　東区 若草町１４－２６ オクハラビル１階,,,,,,34.3978964,132.4784822,,,,,,,7320053,Hiroshima_Free_Wi-Fi_Lite,,,
314002,,,広島県広島市,オールドアメリカンショップＭＩＺＵＮＯ,Old American Shop Mizuno,,341002,,広島県 広島市南区出島 １丁目３４－４１ ＧＥＭＳＭＡＲＴ２０１,,,,,,34.3546833,132.4514431,,,,,,,7340013,Hiroshima_Free_Wi-Fi_Lite,,,
314002,,,広島県広島市,Ｂ＆Ｂ,Bike & Bicycle Shop,,341002,,広島県 広島市東区中山東 １丁目３－３０ ,,,,,,34.4086739,132.4992742,,,,,,,7320023,Hiroshima_Free_Wi-Fi_Lite,,,
314002,,,広島県広島市,マルヒロ水産株式会社,"Maruhiro Suisan Co., Ltd.",,341002,,広島県 広島市中区江波本町 ２１－５ ,,,,,,34.3678653,132.4377578,,,,,,,7300833,Hiroshima_Free_Wi-Fi_Lite,,,
314002,,,広島県広島市,有限会社新見自動車整備工場,"Niimi Jidousha Seibi Koujou Co., Ltd.",,341002,,広島県 広島市西区商工センター ８丁目１０－４２ ,,,,,,34.3629378,132.38651,,,,,,,7330833,Hiroshima_Free_Wi-Fi_Lite,,,
314002,,,広島県広島市,エフォートヘアー,Effort Hair Beauty Parlor,,341002,,広島県 広島市中区中町 １－１７ フクモトビル２Ｆ,,,,,,34.3907217,132.4596061,,,,,,,7300037,Hiroshima_Free_Wi-Fi_Lite,,,
314002,,,広島県広島市,ヘアーサロン　Ｋ’ｓ,Hair Salon K's,,341002,,広島県 広島市西区中広町 １丁目１８－２６ ロリエ中広通り１０１号,,,,,,34.4002261,132.4411567,,,,,,,7330012,Hiroshima_Free_Wi-Fi_Lite,,,
314002,,,広島県広島市,あさひ整形外科クリニック,Asahi Orthopedics Clinic,,341002,,広島県 広島市南区旭 ２丁目１５－１８ ,,,,,,34.3728492,132.4771219,,,,,,,7340036,Hiroshima_Free_Wi-Fi_Lite,,,
314002,,,広島県広島市,プロペラヘアー段原店,Propeller Hair Beauty Parlor Danbara Store,,341002,,広島県 広島市南区段原 ３丁目２０－１３ ＨｅａｒｔＤ２Ｆ,,,,,,34.3870525,132.4775547,,,,,,,7320811,Hiroshima_Free_Wi-Fi_Lite,,,
314002,,,広島県広島市,株式会社中央トラベル,"Chuou Travel Co., Ltd.",,341002,,広島県 広島市南区段原 ３丁目２３－１０ 中央トラベル,,,,,,34.3863286,132.4799131,,,,,,,7320811,Hiroshima_Free_Wi-Fi_Lite,,,
314002,,,広島県広島市,本格炭火焼肉あかつき,Akatsuki Charbroiled Yakiniku Restaurant,,341002,,広島県 広島市東区光町 ２丁目８－３ 第１今井ビル１Ｆ,,,,,,34.4011517,132.4802014,,,,,,,7320052,Hiroshima_Free_Wi-Fi_Lite,,,
314002,,,広島県広島市,クリエイティディッシュ　シゲ,Creation Dish Shige,,341002,,広島県 広島市南区的場町 ２丁目３－１８ 住本ビル１階,,,,,,34.3921972,132.4735517,,,,,,,7320824,Hiroshima_Free_Wi-Fi_Lite,,,
314002,,,広島県広島市,株式会社　レザリューション,"Resolution Co., Ltd.",,341002,,広島県 広島市中区八丁堀 １３－１６ 金谷ビル２０１号,,,,,,34.3949542,132.4628469,,,,,,,7300013,Hiroshima_Free_Wi-Fi_Lite,,,
314002,,,広島県広島市,有限会社カートップサカイ,"Car Top Sakai Co., Ltd.",,341002,,広島県 広島市西区大宮 ２丁目１１－５ ,,,,,,34.4213186,132.4582492,,,,,,,7330007,Hiroshima_Free_Wi-Fi_Lite,,,
314002,,,広島県広島市,株式会社肉のますゐ,"Niku no Masui Meat Co., Ltd.",,341002,,広島県 広島市中区八丁堀 １４－１３ ますいビル２階,,,,,,34.39463,132.4631886,,,,,,,7300013,Hiroshima_Free_Wi-Fi_Lite,,,
314002,,,広島県広島市,株式会社フジカワモータース,"Fujikawa Motors Co., Ltd.",,341002,,広島県 広島市南区大州 ３丁目４－３３ ,,,,,,34.3895778,132.4912256,,,,,,,7320802,Hiroshima_Free_Wi-Fi_Lite,,,
314002,,,広島県広島市,株式会社ライダースショップ広島,"Riders shop Hiroshima Co., Ltd.",,341002,,広島県 広島市中区広瀬北町 ８－１１ ,,,,,,34.4015122,132.4479117,,,,,,,7300803,Hiroshima_Free_Wi-Fi_Lite,,,
314002,,,広島県広島市,平松伸夫　整形外科,Hiramatsu Nobuo Plastic surgery,,341002,,広島県 広島市中区幟町 １３－４ 広島マツダ本社ビル地下１階,,,,,,34.3936858,132.4659886,,,,,,,7300016,Hiroshima_Free_Wi-Fi_Lite,,,
314002,,,広島県広島市,株式会社ひのき,"Hinoki Co., Ltd.",,341002,,広島県 広島市東区光町 １丁目１１－１３ 光町大丈ビル１０１号,,,,,,34.3994656,132.4777486,,,,,,,7320052,Hiroshima_Free_Wi-Fi_Lite,,,
314002,,,広島県広島市,ペレソッソ,Perezoso Italian Restaurant,,341002,,広島県 広島市南区大須賀町 １３－２７ 駅西商店街,,,,,,34.3979794,132.472835,,,,,,,7320821,Hiroshima_Free_Wi-Fi_Lite,,,
314002,,,広島県広島市,懐石わたなべ,Watanabe Kaiseki Japanese Restaurant,,341002,,広島県 広島市中区土橋町 ６－１４ ,,,,,,34.3924908,132.4474953,,,,,,,7300854,Hiroshima_Free_Wi-Fi_Lite,,,
314002,,,広島県広島市,さくま　歯科,Sakuma Dentist,,341002,,広島県 広島市西区庚午北 ３丁目１－２ 第一水野ビル２０７号,,,,,,34.3881519,132.418675,,,,,,,7330821,Hiroshima_Free_Wi-Fi_Lite,,,
314002,,,広島県広島市,ＭＡＢＵＩ,Mabui Oyster Restaurant,,341002,,広島県 広島市中区袋町 ２－２６ ＫＡＰＰＡＨＡＵＳ１階,,,,,,34.3924106,132.4593203,,,,,,,7300036,Hiroshima_Free_Wi-Fi_Lite,,,
314002,,,広島県広島市,高山薬局,Takayama Pharmacy,,341002,,広島県 広島市南区青崎 １丁目１０－１０ ,,,,,,34.3730469,132.5068225,,,,,,,7340053,Hiroshima_Free_Wi-Fi_Lite,,,
314002,,,広島県広島市,ＡＰパーク段原,AP Park Danbara,,341002,,広島県 広島市南区 段原南１－１０－１ 駐車場,,,,,,34.3836761,132.477205,,,,,,,7320814,Hiroshima_Free_Wi-Fi_Lite,,,
314002,,,広島県広島市,（株）ケイアイスポーツ　ジャンピング体操スクール,"K I sports Co., Ltd. Jumping gymnastic school",,341002,,広島県 広島市西区井口 ４丁目８－２９ 鈴峰体育館（仮称）,,,,,,34.3713778,132.3730722,,,,,,,7330842,Hiroshima_Free_Wi-Fi_Lite,,,
314002,,,広島県広島市,Ｄｉｄｊｕ　ｈａｉｒ,Didju hair design,,341002,,広島県 広島市中区袋町 ７－１４ 西文明堂ビル１Ｆ,,,,,,34.3917772,132.4602136,,,,,,,7300036,Hiroshima_Free_Wi-Fi_Lite,,,
314002,,,広島県広島市,株式会社メディエイター,"Mediator Co., Ltd.",,341002,,広島県 広島市東区牛田新町 １丁目６－３８ ,,,,,,34.4207406,132.4656847,,,,,,,7320068,Hiroshima_Free_Wi-Fi_Lite,,,
314002,,,広島県広島市,Ｄｉｄｊｕ　ｈａｉｒ,Didju Hair,,341002,,広島県 広島市東区牛田中 ２－１－２２ ,,,,,,34.4122,132.4729644,,,,,,,7320065,Hiroshima_Free_Wi-Fi_Lite,,,
314002,,,広島県広島市,ホテル石本,Hotel Ishimoto,,341002,,広島県 広島市南区金屋町 ９－９ ホテル石本,,,,,,34.3901136,132.4733628,,,,,,,7320825,Hiroshima_Free_Wi-Fi_Lite,,,
314002,,,広島県広島市,社会福祉法人はぐくみの里,Social Welfare Service Corporation Hagukuminosato ,,341002,,広島県 広島市東区温品町 ５１０－１ ,,,,,,34.4184786,132.5137947,,,,,,,7320034,Hiroshima_Free_Wi-Fi_Lite,,,
314002,,,広島県広島市,南区スポーツセンター,Minami Ward Sports Center,,341002,,広島県 広島市南区 楠那町７－３１ 南区スポーツセンター,,,,,,34.3632256,132.485985,,,,,,,7340032,Hiroshima_Free_Wi-Fi_Lite,,,
314002,,,広島県広島市,東区スポーツセンター,Higashi Ward Sports Center,,341002,,広島県 広島市東区牛田新町 １丁目８－３ 東区スポーツセンター,,,,,,34.4163636,132.4672964,,,,,,,7320068,Hiroshima_Free_Wi-Fi_Lite,,,
314002,,,広島県広島市,佐伯区スポーツセンター,Saeki Ward Sports Center,,341002,,広島県 広島市佐伯区楽々園 ６丁目１－２７ ,,,,,,34.3590378,132.3560967,,,,,,,7315136,Hiroshima_Free_Wi-Fi_Lite,,,
314002,,,広島県広島市,中区スポーツセンター,Naka Ward Sports Center,,341002,,広島県 広島市中区千田町 ３丁目８－１２ 中区スポーツセンター,,,,,,34.3757483,132.4570539,,,,,,,7300052,Hiroshima_Free_Wi-Fi_Lite,,,
314002,,,広島県広島市,広島市中央庭球場,Hiroshimashi Chuo Teikyujo Tennis Park,,341002,,広島県 広島市中区基町 ２－１８ 広島市中央庭球場,,,,,,34.3982433,132.4600719,,,,,,,7300011,Hiroshima_Free_Wi-Fi_Lite,,,
314002,,,広島県広島市,広域公園陸上競技場,Hiroshima Big Arch,,341002,,広島県 広島市安佐南区 大塚西５丁目１－１ ,,,,,,34.4399381,132.39489,,,,,,,7313167,Hiroshima_Free_Wi-Fi_Lite,,,
314002,,,広島県広島市,安佐南区スポーツセンター,Asaminami-ku Sports Center,,341002,,広島県 広島市安佐南区 伴東３丁目１３－１６ ,,,,,,34.4695383,132.413485,,,,,,,7313161,Hiroshima_Free_Wi-Fi_Lite,,,
314002,,,広島県広島市,安佐北区スポーツセンター,Asakitaku Municipal Sports Center,,341002,,広島県 広島市安佐北区 深川２丁目５０－１ ,,,,,,34.4932019,132.5168144,,,,,,,7391751,Hiroshima_Free_Wi-Fi_Lite,,,
314002,,,広島県広島市,クアハウス湯の山,Kurhaus Yunoyama Hot Springs,,341002,,広島県 広島市佐伯区湯来町大字和田 ４４３ ,,,,,,34.4964706,132.2844383,,,,,,,7380601,Hiroshima_Free_Wi-Fi_Lite,,,
314002,,,広島県広島市,ぎんれい胡店,Ginrei Jewelry Store,,341002,,広島県 広島市中区胡町 ３－９ レインボービル１Ｆ,,,,,,34.3925969,132.4654275,,,,,,,7300021,Hiroshima_Free_Wi-Fi_Lite,,,
314002,,,広島県広島市,有限会社アイエルネット,"I L Net Co., Ltd",,341002,,広島県 広島市中区東千田町 １丁目１－１０４－３ ひろしまガーデン・ガーデンノースタワー１６０８,,,,,,34.3821253,132.4562233,,,,,,,7300053,Hiroshima_Free_Wi-Fi_Lite,,,
314002,,,広島県広島市,株式会社ユニコン,"Unicon Co., Ltd.",,341002,,広島県 広島市安佐南区八木 ２丁目５－２０ かつや広島八木店,,,,,,34.4807744,132.4952581,,,,,,,7310101,Hiroshima_Free_Wi-Fi_Lite,,,
314002,,,広島県広島市,フルーツのしまだ,Fruits Shop Shimada ,,341002,,広島県 広島市安佐北区可部 ５丁目１－２６ ヴァーンベール細田１Ｆ,,,,,,34.5205453,132.5117547,,,,,,,7310221,Hiroshima_Free_Wi-Fi_Lite,,,
314002,,,広島県広島市,株式会社シャトー,"Car Parts Chateau Co., Ltd.",,341002,,広島県 広島市佐伯区五日市町大字石内 ５７６０－１ ,,,,,,34.4257425,132.3970567,,,,,,,7315102,Hiroshima_Free_Wi-Fi_Lite,,,
314002,,,広島県広島市,有限会社ハシモトサービス,"Hashimoto Service Co., Ltd.",,341002,,広島県 広島市安佐北区三入 １丁目１－９ ,,,,,,34.5368603,132.5230731,,,,,,,7310211,Hiroshima_Free_Wi-Fi_Lite,,,
314002,,,広島県広島市,広域公園テニスコート,Koiki Park Tennis Court,,341002,,広島県 広島市安佐南区大塚西５丁目 ２－１ 広域公園テニスコート,,,,,,34.4438158,132.3940761,,,,,,,7313167,Hiroshima_Free_Wi-Fi_Lite,,,
314002,,,広島県広島市,株式会社ドリームホーム,"Dream Home Co., Ltd.",,341002,,広島県 広島市西区草津南 ３丁目４－１０ 誠和コーポ草津Ａ３０２号,,,,,,34.3773592,132.3962819,,,,,,,7330863,Hiroshima_Free_Wi-Fi_Lite,,,
314002,,,広島県広島市,株式会社スリーエイト,"Machinery Three eight Co., Ltd.",,341002,,広島県 広島市西区西観音町 ９－２４ しのはら第２ビル１階,,,,,,34.3919994,132.4379569,,,,,,,7330037,Hiroshima_Free_Wi-Fi_Lite,,,
314002,,,広島県広島市,有限会社エイトハウジング,"Eight Housing Co., Ltd.",,341002,,広島県 広島市西区己斐本町 １丁目２４－７ 藤田ビル１０２号,,,,,,34.3962072,132.42721,,,,,,,7330812,Hiroshima_Free_Wi-Fi_Lite,,,
314002,,,広島県広島市,富士商リテールサービス株式会社　広島営業所,"Fujisho Retail Services Co., Ltd. Hiroshima Branch",,341002,,広島県 広島市中区榎町 ８－２３ 吉田ビル１Ｆ,,,,,,34.396515,132.4443122,,,,,,,7300851,Hiroshima_Free_Wi-Fi_Lite,,,
314002,,,広島県広島市,綜合テント工業有限会社,"Sogo Tent Kogyo Industry Co., Ltd.",,341002,,広島県 広島市中区舟入川口町 １６－１１ 舟入綜合ビル２階,,,,,,34.3800136,132.4406878,,,,,,,7300845,Hiroshima_Free_Wi-Fi_Lite,,,
314002,,,広島県広島市,河田産婦人科医院,Kawata Obstetrician Hospital,,341002,,広島県 広島市佐伯区海老園 １丁目２－１３ 河田産婦人科医院,,,,,,34.3649953,132.356605,,,,,,,7315135,Hiroshima_Free_Wi-Fi_Lite,,,
314002,,,広島県広島市,有限会社アシスト・リーブ,"Assist Ribu Co., Ltd.",,341002,,広島県 広島市中区銀山町 ２－１０ ライオンズマンション銀山２０３号,,,,,,34.3920803,132.4682139,,,,,,,7300022,Hiroshima_Free_Wi-Fi_Lite,,,
314002,,,広島県広島市,ファミリーケアー訪問介護事業所,Family Care Visiting Nursing Service Station,,341002,,広島県 広島市安佐南区伴中央 ６丁目１６－４４－３ ,,,,,,34.4544694,132.4050136,,,,,,,7313165,Hiroshima_Free_Wi-Fi_Lite,,,
314002,,,広島県広島市,縁が和,Day Care Service Center Engawa,,341002,,広島県 広島市安佐北区亀山南 ２丁目３－２７ ,,,,,,34.5179647,132.4967881,,,,,,,7310232,Hiroshima_Free_Wi-Fi_Lite,,,
314002,,,広島県広島市,株式会社不動冷凍部,"Fudou Co., Ltd. Cool Storage Department ",,341002,,広島県 広島市南区月見町 １９９３－２４ ,,,,,,34.3670286,132.5168439,,,,,,,7340054,Hiroshima_Free_Wi-Fi_Lite,,,
314002,,,広島県広島市,ペント,Pent,,341002,,広島県 広島市中区中町 １－１９ ,,,,,,34.3908158,132.4594953,,,,,,,7300037,Hiroshima_Free_Wi-Fi_Lite,,,
314002,,,広島県広島市,志庵鍼灸院,Shian Acupuncture and Moxibustion,,341002,,広島県 広島市安佐南区川内 ５丁目１０－８ ,,,,,,34.4707364,132.4864944,,,,,,,7310102,Hiroshima_Free_Wi-Fi_Lite,,,
314002,,,広島県広島市,広島新幹線口店,Toyota Rental Car Shop of Hiroshima Shinkansenguchi,,341002,,広島県 広島市東区若草町 ２２―９ ,,,,,,34.3971103,132.4781211,,,,,,,7320053,Hiroshima_Free_Wi-Fi_Lite,,,
314002,,,広島県広島市,広島新幹線口店受付カウンター,Toyota Rental Car Reception Counter of Hiroshima Shinkansenguchi,,341002,,広島県 広島市東区若草町 １２―１ シェラトンホテル広島　１Ｆ,,,,,,34.3978353,132.4779433,,,,,,,7320053,Hiroshima_Free_Wi-Fi_Lite,,,
314002,,,広島県広島市,富士見町店,Toyota Rental Car Shop of Fujimicho,,341002,,広島県 広島市中区富士見町 １２―１ ,,,,,,34.3863669,132.4609364,,,,,,,7300043,Hiroshima_Free_Wi-Fi_Lite,,,
314002,,,広島県広島市,五日市店,Toyota Rental Car Shop of Itsukaichi,,341002,,広島県 広島市佐伯区吉見園 ３―１９ ,,,,,,34.3663844,132.3700328,,,,,,,7315132,Hiroshima_Free_Wi-Fi_Lite,,,
314002,,,広島県広島市,観音店,Toyota Rental Car Shop of Kannon,,341002,,広島県 広島市西区観音新町 １―３―２０ ,,,,,,34.3784725,132.4275269,,,,,,,7315132,Hiroshima_Free_Wi-Fi_Lite,,,
314002,,,広島県広島市,陵陽タイル株式会社,"Ryoyo Tile Co., Ltd.",,341002,,広島県 広島市西区井口 １丁目１７－６ ,,,,,,34.3778092,132.3876958,,,,,,,7330842,Hiroshima_Free_Wi-Fi_Lite,,,
314002,,,広島県広島市,株式会社内藤畳店,"Naito Tatami Store Co., Ltd.",,341002,,広島県 広島市西区天満町 １１－２３ 内藤ビル１階,,,,,,34.3954928,132.4429233,,,,,,,7330022,Hiroshima_Free_Wi-Fi_Lite,,,
314002,,,広島県広島市,森吉産業,Moriyoshi Sangyo Industry ,,341002,,広島県 広島市南区向洋新町 １丁目１７－１８ ,,,,,,34.3665672,132.5135131,,,,,,,7340055,Hiroshima_Free_Wi-Fi_Lite,,,
314002,,,広島県広島市,ＣＯＣＯ　ＰＬＵＳ,Esthetique Salon Coco Plus,,341002,,広島県 広島市中区中町 ２‐８ 並木ＡＲＣＯ４Ｆ,,,,,,34.3896469,132.4605444,,,,,,,7300037,Hiroshima_Free_Wi-Fi_Lite,,,
314002,,,広島県広島市,西川建設,Nishikawa Kensetsu Construction ,,341002,,広島県 広島市安佐南区西原 ４丁目２１‐１４ ,,,,,,34.4378336,132.4697672,,,,,,,7310113,Hiroshima_Free_Wi-Fi_Lite,,,
314002,,,広島県広島市,ＡＫＩ工業,Aki Kogyo Industry ,,341002,,広島県 広島市東区戸坂長尾台 ７‐７ ,,,,,,34.4283664,132.48563,,,,,,,7320018,Hiroshima_Free_Wi-Fi_Lite,,,
314002,,,広島県広島市,ＮＴＴ西日本ビジネスフロント株式会社,"NTT West Business Front Co., Ltd.",,341002,,広島県 広島市南区比治山本町 １１番２０号 ＮＴＴＤＡＴＡ比治山ビル３階,,,,,,34.3851281,132.4573206,,,,,,,7320816,Hiroshima_Free_Wi-Fi_Lite,,,
314002,,,広島県広島市,会席惣菜いけ田,Kaiseki Sozai Restaurant Ikeda,,341002,,広島県 広島市佐伯区五日市 ７丁目１３‐２８ フォーサイトビル五日市１０３号,,,,,,34.3758611,132.3589242,,,,,,,7315127,Hiroshima_Free_Wi-Fi_Lite,,,
314002,,,広島県広島市,有限会社クリエイティブジャパン,"Creative Japan Co., Ltd.",,341002,,広島県 広島市安佐南区伴中央 ６丁目２９－１０ ,,,,,,34.4545033,132.4106961,,,,,,,7313161,Hiroshima_Free_Wi-Fi_Lite,,,
314002,,,広島県広島市,大同防水工業株式会社,"Daido Bosui Kogyo Co., Ltd.",,341002,,広島県 広島市　東区牛田　本町 ２丁目１０－２３ ,,,,,,34.4087647,132.4718994,,,,,,,7320066,Hiroshima_Free_Wi-Fi_Lite,,,
314002,,,広島県広島市,有限会社荒川塗装コンサルタント,"Arakawa Toso Consultant Co., Ltd.",,341002,,広島県 広島市安佐北区三入 ７丁目３７‐１０ ,,,,,,34.5522342,132.5252781,,,,,,,7310211,Hiroshima_Free_Wi-Fi_Lite,,,
314002,,,広島県広島市,株式会社東亜美装,"Toa Biso Co., Ltd.",,341002,,広島県 広島市安佐南区祇園 ５丁目２７‐１ ,,,,,,34.4486386,132.4603808,,,,,,,7310138,Hiroshima_Free_Wi-Fi_Lite,,,
314002,,,広島県広島市,高田運送,Takada Transportation ,,341002,,広島県 広島市佐伯区五日市町石内 １０４６８－３ ,,,,,,34.4093854,132.3919791,,,,,,,7315102,Hiroshima_Free_Wi-Fi_Lite,,,
314002,,,広島県広島市,パルコ　デッラ　パーチェ,PARCO della PACE,,341002,,広島県 広島市中区土橋町 １－５ 平和公園ビル１階,,,,,,34.3930519,132.4492894,,,,,,,7300854,Hiroshima_Free_Wi-Fi_Lite,,,
314002,,,広島県広島市,マツダオートザム梅林,Mazda Autozam Bairin,,341002,,広島県 広島市安佐南区八木２丁目 １９－１９ マツダオートザム梅林１Ｆ,,,,,,34.4782806,132.4910503,,,,,,,7310101,Hiroshima_Free_Wi-Fi_Lite,,,
314002,,,広島県広島市,システムプラン,"System Plan, system development",,341002,,広島県 広島市東区福田 ７丁目２５‐６ ,,,,,,34.4518011,132.5493992,,,,,,,7320029,Hiroshima_Free_Wi-Fi_Lite,,,
314002,,,広島県広島市,友成デンタルオフィス,Tomonari dental office,,341002,,広島県 広島市中区上幟町 ３－２１ ＫＯＬＭＥ上幟　１Ｆ,,,,,,34.3990903,132.4662081,,,,,,,7300014,Hiroshima_Free_Wi-Fi_Lite,,,
314002,,,広島県広島市,アズ・ヤチマタ,"As Yachimata, accounting office",,341002,,広島県 広島市　安佐南区西原 ８丁目１４－６－５ ,,,,,,34.4441978,132.4729742,,,,,,,7310113,Hiroshima_Free_Wi-Fi_Lite,,,
314002,,,広島県広島市,肉料理専門店　榮互,Meat Dish Restaurant Eigo,,341002,,広島県 広島市中区鉄砲町 １０－２０ ビルドＰ,,,,,,34.3938858,132.4644583,,,,,,,7300017,Hiroshima_Free_Wi-Fi_Lite,,,
314002,,,広島県広島市,ヘアースポット・アクティブ上深川店,"Hair Spot Active, Kamifukaya, barber shop",,341002,,広島県 広島市安佐北区上深川町 ６３５‐１ ,,,,,,34.4726017,132.5607803,,,,,,,7391752,Hiroshima_Free_Wi-Fi_Lite,,,
314002,,,広島県広島市,株式会社エスアールシー,"S.R.C. Co., Ltd., automotive service",,341002,,広島県 広島市安佐南区伴中央 ２丁目５‐１７ ,,,,,,34.4605003,132.4044272,,,,,,,7313165,Hiroshima_Free_Wi-Fi_Lite,,,
314002,,,広島県広島市,有限会社カーロードメジャー,"Car Road Major Co., Ltd., used car dealer",,341002,,広島県 広島市佐伯区利松 ２丁目１７‐２ ,,,,,,34.3977472,132.3691342,,,,,,,7315106,Hiroshima_Free_Wi-Fi_Lite,,,
314002,,,広島県広島市,高陽ゴルフセンター,KOYO GOLF CENTER,,341002,,広島県 広島市安佐北区落合南 １丁目３２‐１６ ,,,,,,34.4634378,132.50943,,,,,,,7391732,Hiroshima_Free_Wi-Fi_Lite,,,
314002,,,広島県広島市,焼肉白李西原店,"Hakuri, Nishihara, Korean BBQ restaurant",,341002,,広島県 広島市安佐南区西原 ７丁目１２‐２７ ,,,,,,34.4406394,132.4753131,,,,,,,7310113,Hiroshima_Free_Wi-Fi_Lite,,,
314002,,,広島県広島市,有限会社菊池デザイン,"Kikuchi Design Co., Ltd.",,341002,,広島県 広島市南区仁保南 ２丁目１７‐３５ 木原第３ビル２０６号,,,,,,34.3621697,132.4951322,,,,,,,7340027,Hiroshima_Free_Wi-Fi_Lite,,,
314002,,,広島県広島市,美容室スタイル・カウンシル,"STYLE COUNCIL, hair salon",,341002,,広島県 広島市中区光南 １丁目１６‐２０ 第５やたがいビル,,,,,,34.3672128,132.4462186,,,,,,,7300825,Hiroshima_Free_Wi-Fi_Lite,,,
314002,,,広島県広島市,こころねデイサービスセンター,Kokorone Day Service Center,,341002,,広島県 広島市中区江波栄町 １１－２７ アテリア１Ｆ,,,,,,34.3646628,132.429625,,,,,,,7300836,Hiroshima_Free_Wi-Fi_Lite,,,
314002,,,広島県広島市,有限会社横田工業,"Yokota Kogyo Co., Ltd.",,341002,,広島県 広島市安芸区上瀬野町 ２２８７‐５ ,,,,,,34.4114378,132.6234489,,,,,,,7390302,Hiroshima_Free_Wi-Fi_Lite,,,
314002,,,広島県広島市,株式会社はんべえ,"Hanbee Co., Ltd.",,341002,,広島県 広島市南区本浦町 ８－１２ ,,,,,,34.3748825,132.4879431,,,,,,,7340047,Hiroshima_Free_Wi-Fi_Lite,,,
314002,,,広島県広島市,有限会社デコレ・ウイン,"Decole Win Co., Ltd.",,341002,,広島県 広島市中区東平塚町　 ８－７ メゾン・ド・オンディーヌ８０２号,,,,,,34.3881831,132.4688497,,,,,,,7300025,Hiroshima_Free_Wi-Fi_Lite,,,
314002,,,広島県広島市,松本家次男,Matsumotoke Jinan Pub,,341002,,広島県 広島市中区流川町 ７－６ 白菱第五ビル１Ｆ,,,,,,34.3893161,132.4632025,,,,,,,7300028,Hiroshima_Free_Wi-Fi_Lite,,,
314002,,,広島県広島市,ギャラリーたかたや・服飾たかたや,Rental Space Gallery Takataya and Dress Shop Takataya,,341002,,広島県 広島市中区本通 ８－３２ たかた屋ビル２Ｆ,,,,,,34.3927108,132.4597861,,,,,,,7300035,Hiroshima_Free_Wi-Fi_Lite,,,
314002,,,広島県広島市,マニラマニラ,Snack Bar Manila Manila,,341002,,広島県 広島市中区流川町 ４－８ 東邦ビル１階,,,,,,34.3903358,132.4641111,,,,,,,7300028,Hiroshima_Free_Wi-Fi_Lite,,,
314002,,,広島県広島市,ｔｅｒｕ,Tavern teru,,341002,,広島県 広島市中区堀川町　 １－３ 第一シンコービル５０２号,,,,,,34.3919161,132.4647886,,,,,,,7300033,Hiroshima_Free_Wi-Fi_Lite,,,
314002,,,広島県広島市,株式会社マーズ広島営業所,"Mars Stones Co., Ltd., Hiroshima Branch",,341002,,広島県 広島市西区井口１丁目 １８－３ ,,,,,,34.3778172,132.3883767,,,,,,,7330842,Hiroshima_Free_Wi-Fi_Lite,,,
314002,,,広島県広島市,有限会社東亜電工,"Toadenko Co., Ltd., construction company",,341002,,広島県 広島市西区庚午南２丁目 ３４－５４－２ ,,,,,,34.3793194,132.4090369,,,,,,,7330823,Hiroshima_Free_Wi-Fi_Lite,,,
314002,,,広島県広島市,沖機械株式会社,"Oki Kikai Co., Ltd.",,341002,,広島県 広島市西区商工センター４丁目 ４－７ 沖機械本社ビル,,,,,,34.3681989,132.3940656,,,,,,,7330833,Hiroshima_Free_Wi-Fi_Lite,,,
314002,,,広島県広島市,株式会社アナグラム,"Anagram Co., Ltd., second hand clothing store",,341002,,広島県 広島市安佐南区長楽寺２丁目 ４－１ ,,,,,,34.4718181,132.4264975,,,,,,,7310143,Hiroshima_Free_Wi-Fi_Lite,,,
314002,,,広島県広島市,やわら鍼灸接骨院長束西,Yawara Bonesetting Nagatsukanishi Shop,,341002,,広島県 広島市安佐南区長束西２丁目 １５－１１ 大下ビル１階,,,,,,34.4309119,132.4512686,,,,,,,7310136,Hiroshima_Free_Wi-Fi_Lite,,,
314002,,,広島県広島市,富永化成株式会社,"Tominaga Kasei Co., Ltd.",,341002,,広島県 広島市安佐南区中筋３丁目 １１－７ ,,,,,,34.4533239,132.4798708,,,,,,,7310122,Hiroshima_Free_Wi-Fi_Lite,,,
314002,,,広島県広島市,マサシゲオートショップ,Masashige Auto Shop,,341002,,広島県 広島市南区皆実町２丁目 ５－５ ,,,,,,34.3772486,132.4656669,,,,,,,7340007,Hiroshima_Free_Wi-Fi_Lite,,,
314002,,,広島県広島市,鈴木工業,Suzuki Kogyo Construction,,341002,,広島県 広島市南区西旭町 ５－２ 原野ビル１Ｆ,,,,,,34.3731406,132.4739272,,,,,,,7340002,Hiroshima_Free_Wi-Fi_Lite,,,
314002,,,広島県広島市,広島県農協労連,Hiroshima Prefecture Federation of Trade Union of Agricultural Cooperatives ,,341002,,広島県 広島市南区比治山町　 ２－５ 住宅生協比治山ビル３階,,,,,,34.3891969,132.4712414,,,,,,,7320817,Hiroshima_Free_Wi-Fi_Lite,,,
314002,,,広島県広島市,株式会社フレッズ,"Freds Co., Ltd.",,341002,,広島県 広島市安佐南区伴西４丁目 ４－１６ ,,,,,,34.462365,132.3814319,,,,,,,7313169,Hiroshima_Free_Wi-Fi_Lite,,,
314002,,,広島県広島市,ＳＯＵＬＯＶＥＲ,Restaurant & Bar SOUL OVER,,341002,,広島県 広島市佐伯区五日市４丁目 ４－３１ 唯山ビル２階,,,,,,34.3701981,132.3573383,,,,,,,7315127,Hiroshima_Free_Wi-Fi_Lite,,,
314002,,,広島県広島市,ウエダデンキ主田店,"Ueda Denki Electric Appliance, Nushida Shop",,341002,,広島県 広島市佐伯区湯来町大字下 ８１８－６ ,,,,,,34.5529758,132.3501203,,,,,,,7380603,Hiroshima_Free_Wi-Fi_Lite,,,
314002,,,広島県広島市,五エ門胡町店,Goemon Okonomiyaki Restaurant - Ebisumachi Store,,341002,,広島県 広島市中区胡町 ３－１４ アーバン胡館１Ｆ,,,,,,34.3925997,132.4651886,,,,,,,7300021,Hiroshima_Free_Wi-Fi_Lite,,,
314002,,,広島県広島市,五エ門イオン広島祇園店,Goemon AEON Hiroshimagion,,341002,,広島県 広島市安佐南区祇園３丁目 ２－１ イオンモール広島祇園１階五エ門,,,,,,34.4443644,132.4615589,,,,,,,7310138,Hiroshima_Free_Wi-Fi_Lite,,,
314002,,,広島県広島市,五エ門広島バスセンター店,"Savory Pancake and Iron Plate Food Restaurant Goemon, Hiroshima Bus Center Shop",,341002,,広島県 広島市中区基町 ６－２７ 広島バスセンタービル広島センター街７Ｆ,,,,,,34.3962011,132.4572253,,,,,,,7300011,Hiroshima_Free_Wi-Fi_Lite,,,
314002,,,広島県広島市,五エ門　福屋広島駅前店,"Savory Pancake and Iron Plate Food Restaurant Goemon, Fukuya Hiroshima Ekimae Shop",,341002,,広島県 広島市南区松原町 ９－１４ エールエールＡ館１１Ｆ,,,,,,34.3957656,132.4742572,,,,,,,7320822,Hiroshima_Free_Wi-Fi_Lite,,,
314002,,,広島県広島市,五エ門堀川町店,"Goemon, Horikawamachi, Okonomiyaki restaurant",,341002,,広島県 広島市中区堀川町 １－１６ リュート館２Ｆ,,,,,,34.3920383,132.4646361,,,,,,,7300033,Hiroshima_Free_Wi-Fi_Lite,,,
314002,,,広島県広島市,プライドオート,Used Car Dealer Pride Auto,,341002,,広島県 広島市佐伯区利松 ３－３１－１７ ,,,,,,34.3990917,132.3664203,,,,,,,7315106,Hiroshima_Free_Wi-Fi_Lite,,,
314002,,,広島県広島市,株式会社児玉ゴム商会,"Kodama Gomu Shoukai Co., Ltd.",,341002,,広島県 広島市中区河原町 ３－３ 児玉ゴム,,,,,,34.3908939,132.4463125,,,,,,,7300856,Hiroshima_Free_Wi-Fi_Lite,,,
314002,,,広島県広島市,株式会社ジャパンハンズ,"Japan Hands Co., Ltd.",,341002,,広島県 広島市西区南観音２丁目 ５－３４ ,,,,,,34.3842086,132.4316297,,,,,,,7330035,Hiroshima_Free_Wi-Fi_Lite,,,
314002,,,広島県広島市,広島教育センター,Hiroshima Education Center,,341002,,広島県 広島市中区舟入町 ２－２０ 三栄広島ビル９０１号,,,,,,34.3918019,132.4447261,,,,,,,7300841,Hiroshima_Free_Wi-Fi_Lite,,,
314002,,,広島県広島市,新日本タイル株式会社,"Shinnihon Tile Co., Ltd.",,341002,,広島県 広島市安芸区船越南４丁目 ２－２０ ,,,,,,34.3693703,132.526065,,,,,,,7360082,Hiroshima_Free_Wi-Fi_Lite,,,
314002,,,広島県広島市,ＡＢＣコーポレーション,"ABC Corporation, event producer",,341002,,広島県 広島市安佐南区祇園６丁目 ９－５２ ,,,,,,34.4483717,132.4633308,,,,,,,7310138,Hiroshima_Free_Wi-Fi_Lite,,,
314002,,,広島県広島市,髪工房シルハ,"Shiruha, hair salon",,341002,,広島県 広島市東区牛田旭 ２－６－１１ 今田ビル　１Ｆ,,,,,,34.4126086,132.4733478,,,,,,,7320067,Hiroshima_Free_Wi-Fi_Lite,,,
314002,,,広島県広島市,広島アイホー調理機株式会社,"Hiroshima AIHO cooking appliance Co., Ltd.",,341002,,広島県 広島市西区大芝 ３丁目１８‐１４　 ,,,,,,34.4216739,132.4615289,,,,,,,7330001,Hiroshima_Free_Wi-Fi_Lite,,,
314002,,,広島県広島市,安芸彩園,"Aki Saien, night club",,341002,,広島県 広島市中区銀山町 １２－９ ８７ビル４Ｆ,,,,,,34.3912608,132.4661194,,,,,,,7300022,Hiroshima_Free_Wi-Fi_Lite,,,
314002,,,広島県広島市,ＭＩＲＡＩ,Mirai Clothing Store,,341002,,広島県 広島市中区袋町　 １－１２ ジロービル３階,,,,,,34.3919633,132.4604333,,,,,,,7300036,Hiroshima_Free_Wi-Fi_Lite,,,
314002,,,広島県広島市,ｄａｎｉｅｒ＆ｃｏ,Danier & Co,,341002,,広島県 広島市西区扇 ２丁目１－４５ レクト区画１９７,,,,,,34.3707092,132.4058372,,,,,,,7330831,Hiroshima_Free_Wi-Fi_Lite,,,
314002,,,広島県広島市,ドラッグス・ソウ　フレスタ波出石店,Drugs So Fresta Hadeishi Store,,341002,,広島県 広島市佐伯区五日市中央７丁目 １６－２６ フレスタ波出石店,,,,,,34.3828211,132.355955,,,,,,,7315128,Hiroshima_Free_Wi-Fi_Lite,,,
314002,,,広島県広島市,ドラッグス・ソウ　北口店,Drugs So Kitaguchi Store,,341002,,広島県 広島市佐伯区五日市駅前３丁目 ４－１５ Ｄ．Ｓ．ＰＬＵＳ１Ｆ,,,,,,34.3700147,132.3666356,,,,,,,7315125,Hiroshima_Free_Wi-Fi_Lite,,,
314002,,,広島県広島市,株式会社ファーストクラス,"First Class Co., Ltd.",,341002,,広島県 広島市中区昭和町 ２‐８ 坂田ビル２Ｆ,,,,,,34.3834756,132.4657447,,,,,,,7300046,Hiroshima_Free_Wi-Fi_Lite,,,
314002,,,広島県広島市,オフィスカバーズ藤井社会保険労務士事務所,Office Covers Fujii Social Insurance Consultant Office,,341002,,広島県 広島市安佐南区高取北１丁目 ４－３０ サンビル２階,,,,,,34.4753544,132.43761,,,,,,,7310144,Hiroshima_Free_Wi-Fi_Lite,,,
314002,,,広島県広島市,ドラッグス・ソウ本店,Drugs So Main Store,,341002,,広島県 広島市佐伯区旭園 ４－２９ 山根ビル１階,,,,,,34.3656647,132.3674608,,,,,,,7315133,Hiroshima_Free_Wi-Fi_Lite,,,
314002,,,広島県広島市,クリス運送株式会社,"Chris Transport Co., Ltd.",,341002,,広島県 広島市安佐北区可部南４丁目 ６－３３ ,,,,,,34.5093633,132.5089125,,,,,,,7310223,Hiroshima_Free_Wi-Fi_Lite,,,
314002,,,広島県広島市,株式会社中野鉄工所,"Nakano Tekkojo Co., Ltd.",,341002,,広島県 広島市　中区江波南２丁目 １４６８－７４ 株式会社中野鉄工所,,,,,,34.3632042,132.4348303,,,,,,,7300835,Hiroshima_Free_Wi-Fi_Lite,,,
314002,,,広島県広島市,株式会社イシダ,"Ishida Co., Ltd.",,341002,,広島県 広島市南区仁保３丁目 ８１９－５０ ,,,,,,34.3667897,132.4999286,,,,,,,7340026,Hiroshima_Free_Wi-Fi_Lite,,,
314002,,,広島県広島市,マルキタビール,Bar Marukita Beer,,341002,,広島県 広島市中区八丁堀 １２－３ 北山ビル１Ｆ,,,,,,34.3953625,132.4637133,,,,,,,7300013,Hiroshima_Free_Wi-Fi_Lite,,,
314002,,,広島県広島市,株式会社ＳＨＯ,"SHO Co., Ltd.",,341002,,広島県 広島市中区西平塚町　 ９－１７ 第１博尚ビル６階,,,,,,34.3891997,132.4661386,,,,,,,7300024,Hiroshima_Free_Wi-Fi_Lite,,,
314002,,,広島県広島市,株式会社　サンビジョン,"Realty Sun Vijyon Co., Ltd.",,341002,,広島県 広島市南区東雲２丁目 １８－２３ サンルート河野１Ｆ,,,,,,34.3791289,132.4903897,,,,,,,7340022,Hiroshima_Free_Wi-Fi_Lite,,,
314002,,,広島県広島市,民主県政をつくる会,Political Group Minshu Kensei wo Tsukuru Kai,,341002,,広島県 広島市中区大手町４丁目 ２－２７ 中央レジデンス４０３号,,,,,,34.3861917,132.4528956,,,,,,,7300051,Hiroshima_Free_Wi-Fi_Lite,,,
314002,,,広島県広島市,エムテック株式会社,"M Tech Co., Ltd.",,341002,,広島県 広島市南区上東雲町 ２３－８ ,,,,,,34.3851986,132.4884119,,,,,,,7340021,Hiroshima_Free_Wi-Fi_Lite,,,
314002,,,広島県広島市,キャンディーフロス,Beauty Salon Candy Floss,,341002,,広島県 広島市中区中町 ２－２４ ＫＵＢビル５Ｆ,,,,,,34.3901772,132.4606414,,,,,,,7300037,Hiroshima_Free_Wi-Fi_Lite,,,
314002,,,広島県広島市,丸宏青果株式会社,"Maruhiro Seika Vegetables and Fruits Co., Ltd.",,341002,,広島県 広島市安佐南区高取北３丁目 １３－５ ,,,,,,34.4741569,132.4342336,,,,,,,7310144,Hiroshima_Free_Wi-Fi_Lite,,,
314002,,,広島県広島市,株式会社　イケマル,"Ikemaru Co., Ltd.",,341002,,広島県 広島市安佐南区古市３丁目 ５－１９－１０ ,,,,,,34.4511275,132.4696836,,,,,,,7310123,Hiroshima_Free_Wi-Fi_Lite,,,
314002,,,広島県広島市,株式会社　ＶＥＲＪ,"Verj Co., Ltd.",,341002,,広島県 広島市佐伯区千同２丁目 ６－５－９ ,,,,,,34.380785,132.3515964,,,,,,,7315141,Hiroshima_Free_Wi-Fi_Lite,,,
314002,,,広島県広島市,株式会社　クラフト,"Craft Co., Ltd.",,341002,,広島県 広島市安佐南区伴中央７丁目 １０ ,,,,,,34.4526036,132.3971592,,,,,,,7313165,Hiroshima_Free_Wi-Fi_Lite,,,
314002,,,広島県広島市,（株）スクラム,"Scrum Co., Ltd.",,341002,,広島県 広島市西区三篠北町　 １５－７ 山崎ビル１階,,,,,,34.4173161,132.4535833,,,,,,,7330006,Hiroshima_Free_Wi-Fi_Lite,,,
314002,,,広島県広島市,株式会社栄林商会,"Eirin Shokai Tradings Co., Ltd.",,341002,,広島県 広島市東区温品 ４丁目２４‐１１ 日研ビル地下１Ｆ,,,,,,34.409185,132.5098103,,,,,,,7320033,Hiroshima_Free_Wi-Fi_Lite,,,
314002,,,広島県広島市,ペニーレーン,Bar Penny Lane,,341002,,広島県 広島市　安佐北区可部５丁目 １３－７ 玉田ビル２階,,,,,,34.5195931,132.51123,,,,,,,7310221,Hiroshima_Free_Wi-Fi_Lite,,,
314002,,,広島県広島市,原スポーツ鍼灸治療院,Hara Sports Acupuncture and Moxibustion Clinic ,,341002,,広島県 広島市佐伯区五日市中央５丁目 １３－３１ ,,,,,,34.3745694,132.3526964,,,,,,,7315128,Hiroshima_Free_Wi-Fi_Lite,,,
314002,,,広島県広島市,合同会社　サイバードリーム,Ciber Dream LLC,,341002,,広島県 広島市西区古江上１丁目 ３８２－１０ 古江パークホームズ２０６号,,,,,,34.3918353,132.4071758,,,,,,,7330875,Hiroshima_Free_Wi-Fi_Lite,,,
314002,,,広島県広島市,洋食屋ＭＵＬＢＥＲＲＹ,Restaurant Yoshokuya Mulberry ,,341002,,広島県 広島市西区横川町 ３丁目１２－４ ,,,,,,34.4088475,132.4509281,,,,,,,7330011,Hiroshima_Free_Wi-Fi_Lite,,,
314002,,,広島県広島市,まな－むぴぃすぅあ,Thai Restaurant Manamu Piiswa,,341002,,広島県 広島市南区稲荷町 ８ 京橋川オープンカフェ,,,,,,34.3932883,132.4701775,,,,,,,7320827,Hiroshima_Free_Wi-Fi_Lite,,,
314002,,,広島県広島市,カジュアルキッチンＫＡＫＵＲＥＧＯ,Casual Kitchen Kakurego,,341002,,広島県 広島市中区本通　 ８－１５ ＨＭ本通会館４階,,,,,,34.3928158,132.4586283,,,,,,,7300035,Hiroshima_Free_Wi-Fi_Lite,,,
314002,,,広島県広島市,がじゅまる動物クリニック,Animal Clinic Gajumalu,,341002,,広島県 広島市南区段原南２丁目 １－１５ 沢村ビル１階,,,,,,34.3859428,132.4791411,,,,,,,7320814,Hiroshima_Free_Wi-Fi_Lite,,,
314002,,,広島県広島市,イタリア料理店　リベロ,Italian Restaurant Libero,,341002,,広島県 広島市中区幟町 １０－１４ 宇佐川本館ビル１０２号,,,,,,34.3940858,132.4668472,,,,,,,7300016,Hiroshima_Free_Wi-Fi_Lite,,,
314002,,,広島県広島市,スズキアリーナ庚午,Suzuki Arena Kogo Corporation Inc..,,341002,,広島県 広島市西区庚午北２丁目 ８－５ スズキアリーナ庚午,,,,,,34.3908631,132.4220414,,,,,,,7330821,Hiroshima_Free_Wi-Fi_Lite,,,
314002,,,広島県広島市,将栄興業株式会社,"Shoei Kogyo Co., Ltd.",,341002,,広島県 広島市東区戸坂大上４丁目 ２８－２０ 戸坂グリーンハイツ１０２号,,,,,,34.4245744,132.494955,,,,,,,7320014,Hiroshima_Free_Wi-Fi_Lite,,,
314002,,,広島県広島市,斗斗家（味わい処そば）,Restaurant Totoya Ajiwaidokoro Soba ,,341002,,広島県 広島市西区横川町 ３丁目５－２０ あすなろビル１０３号,,,,,,34.40955,132.4519117,,,,,,,7330011,Hiroshima_Free_Wi-Fi_Lite,,,
314002,,,広島県広島市,将栄興業株式会社,"Shoei Kogyo Co., Ltd.",,341002,,広島県 広島市東区中山鏡が丘 ２０－１３ ,,,,,,34.4160283,132.5007294,,,,,,,7320022,Hiroshima_Free_Wi-Fi_Lite,,,
314002,,,広島県広島市,チャレンジド元気,Challenged Genki,,341002,,広島県 広島市安佐北区大林２丁目 １３－２２－５ ,,,,,,34.5472344,132.5375969,,,,,,,7310201,Hiroshima_Free_Wi-Fi_Lite,,,
314002,,,広島県広島市,株式会社東和総合研究所,"Towa Sogo Kenkyujo Co., Ltd.",,341002,,広島県 広島市中区鉄砲町 １－１８ 佐々木ビル１０階,,,,,,34.3973875,132.4649244,,,,,,,7300017,Hiroshima_Free_Wi-Fi_Lite,,,
314002,,,広島県広島市,株式会社石川クラブ,"Ishikawa Club Co., Ltd.",,341002,,広島県 広島市東区山根町 １４－９ エスポアール石川３　１０４号,,,,,,34.4025408,132.4896172,,,,,,,7320048,Hiroshima_Free_Wi-Fi_Lite,,,
314002,,,広島県広島市,株式会社シーズウェイ,"Seeds Way Co., Ltd.",,341002,,広島県 広島市中区本通 ４－２３ 日本メデトピアビル３Ｆ,,,,,,34.3933772,132.4593897,,,,,,,7300035,Hiroshima_Free_Wi-Fi_Lite,,,
314002,,,広島県広島市,しみず眼科,Shimizu Ophthalmologist,,341002,,広島県 広島市西区井口明神１丁目 １４－４９ 明神ビル４Ｆ,,,,,,34.3736758,132.3928072,,,,,,,7330841,Hiroshima_Free_Wi-Fi_Lite,,,
314002,,,広島県広島市,ぎおん牛田病院附属牛田クリニック,"Gion Ushita hospital, Ushita clinic",,341002,,広島県 広島市　東区牛田本町１丁目 ５－１４ エスト牛田本町１階,,,,,,34.4090564,132.4714494,,,,,,,7320066,Hiroshima_Free_Wi-Fi_Lite,,,
314002,,,広島県広島市,メートル（ｍａｉｔｒｅ）,"maitre, hair salon",,341002,,広島県 広島市中区本通 １－６ ミタキヤビル５Ｆ,,,,,,34.3931025,132.4617917,,,,,,,7300035,Hiroshima_Free_Wi-Fi_Lite,,,
314002,,,広島県広島市,株式会社クラフトコーポレーション,"CRAFT CORPORATION Co., Ltd.",,341002,,広島県 広島市安佐南区西原２丁目 ９－３７ 第３森下ビル１階,,,,,,34.4339931,132.4667092,,,,,,,7310113,Hiroshima_Free_Wi-Fi_Lite,,,
314002,,,広島県広島市,株式会社エポカフードサービス,"Epoca food service Co., Ltd.",,341002,,広島県 広島市安佐南区祇園２丁目 ５－１８ 有料老人ホーム・ドエル,,,,,,34.4465192,132.4676669,,,,,,,7310138,Hiroshima_Free_Wi-Fi_Lite,,,
314002,,,広島県広島市,八丁堀眼科医院,Hacchobori ophthalmic clinic,,341002,,広島県 広島市中区鉄砲町 ９－１０ 湯浅ビル３階,,,,,,34.3942997,132.4646694,,,,,,,7300017,Hiroshima_Free_Wi-Fi_Lite,,,
314002,,,広島県広島市,広島中央センター,Hiroshima Chuo Center,,341002,,広島県 広島市中区本通 ５－９ ,,,,,,34.3934828,132.4581814,,,,,,,7300035,Hiroshima_Free_Wi-Fi_Lite,,,
314002,,,広島県広島市,山崎整形外科内科クリニック,"Yamasaki clinic, orthopedic & internal medicine ",,341002,,広島県 広島市安佐南区毘沙門台１丁目 ５－２３ ,,,,,,34.4702581,132.4653383,,,,,,,7310152,Hiroshima_Free_Wi-Fi_Lite,,,
314002,,,広島県広島市,河村内科消化器クリニック,Kawamura Gastroenterology Clinic,,341002,,広島県 広島市中区大手町 １丁目６－１　　 河村内科消化器科クリニック５Ｆ,,,,,,34.3949319,132.4544367,,,,,,,7300051,Hiroshima_Free_Wi-Fi_Lite,,,
314002,,,広島県広島市,向井眼科,Mukai Ophthalmologist,,341002,,広島県 広島市安佐南区祇園 ２丁目４１－１ ,,,,,,34.4389617,132.4657311,,,,,,,7310138,Hiroshima_Free_Wi-Fi_Lite,,,
314002,,,広島県広島市,多田耳鼻咽喉科クリニック,Tada Otorhinolaryngologist,,341002,,広島県 広島市南区東雲本町２丁目 １３－３０ クレールＤＡＴＥ１Ｆ,,,,,,34.3808125,132.48614,,,,,,,7340023,Hiroshima_Free_Wi-Fi_Lite,,,
314002,,,広島県広島市,セントラルオフィス,Central Office Real Estate,,341002,,広島県 広島市中区中町　 ２－１４ 中川共栄ビル１階,,,,,,34.3897803,132.4603417,,,,,,,7300037,Hiroshima_Free_Wi-Fi_Lite,,,
314002,,,広島県広島市,サカイ,Sakai Japanese Restaurant,,341002,,広島県 広島市中区胡町 ３－１２ パレ三番街１Ｆ,,,,,,34.3926025,132.4649722,,,,,,,7300021,Hiroshima_Free_Wi-Fi_Lite,,,
314002,,,広島県広島市,株式会社エヌエスホーム,"NS Home Co., Ltd.",,341002,,広島県 広島市安佐北区落合２丁目 １６－１７ ,,,,,,34.4817497,132.5085517,,,,,,,7391731,Hiroshima_Free_Wi-Fi_Lite,,,
314002,,,広島県広島市,株式会社広成堂,"Koseido Co., Ltd.",,341002,,広島県 広島市西区商工センター８丁目 ２－５２ ,,,,,,34.3645737,132.3824313,,,,,,,7330833,Hiroshima_Free_Wi-Fi_Lite,,,
314002,,,広島県広島市,Ｐｒｅｃｉｏｕｓ,Precious,,341002,,広島県 広島市佐伯区五日市中央 ５丁目２０－１７ 第３西村ビル３階,,,,,,34.3738389,132.3575856,,,,,,,7315128,Hiroshima_Free_Wi-Fi_Lite,,,
314002,,,広島県広島市,焼肉きたじま,Yakiniku Restaurant Kitajima ,,341002,,広島県 広島市中区立町　 ６－１ 立町ＷＩＮＧＢ１Ｆ,,,,,,34.3932525,132.4614944,,,,,,,7300032,Hiroshima_Free_Wi-Fi_Lite,,,
314002,,,広島県広島市,広島トレーニングセンター＆プロショップ,Hiroshima Training Center and Pro Shop,,341002,,広島県 広島市中区舟入本町　 １８－２４ 花木ビル１階,,,,,,34.3843944,132.4446822,,,,,,,7300843,Hiroshima_Free_Wi-Fi_Lite,,,
314002,,,広島県広島市,有限会社日東ベンディング中国,"Nitto Vending Chugoku Co., Ltd.",,341002,,広島県 広島市佐伯区五日市町大字美鈴園 ２－８ ,,,,,,34.3794881,132.3640783,,,,,,,7315121,Hiroshima_Free_Wi-Fi_Lite,,,
314002,,,広島県広島市,有限会社英光工業,"Eiko Kogyo Co., Ltd.",,341002,,広島県 広島市西区東観音町　 ２－１５ ロッコーマンション東観音コーポ２０７号,,,,,,34.3926133,132.4408542,,,,,,,7330032,Hiroshima_Free_Wi-Fi_Lite,,,
314002,,,広島県広島市,広島県総合グランド,Hiroshima General Ground,,341002,,広島県 広島市西区観音新町 ２‐１１‐１２４ 県営総合グラウンド広島スタジアム,,,,,,34.3779703,132.4238747,,,,,,,7330036,Hiroshima_Free_Wi-Fi_Lite,,,
314002,,,広島県広島市,風雲丸　祇園西原店,"Fuunmaru Restaurant, Gion Nishihara Shop",,341002,,広島県 広島市安佐南区西原４丁目 ４２－５０ ,,,,,,34.4358264,132.4708564,,,,,,,7310113,Hiroshima_Free_Wi-Fi_Lite,,,
314002,,,広島県広島市,ばり馬祇園新道店,"Bariuma Restaurant, Gion Shindo Shop",,341002,,広島県 広島市安佐南区西原７丁目 ４－１５ ,,,,,,34.4428425,132.475055,,,,,,,7310113,Hiroshima_Free_Wi-Fi_Lite,,,
314002,,,広島県広島市,とりの助八木店,"Torinosuke Restaurant, Yagi Shop",,341002,,広島県 広島市安佐南区八木５丁目 ４－１６ ,,,,,,34.4823803,132.4981739,,,,,,,7310101,Hiroshima_Free_Wi-Fi_Lite,,,
314002,,,広島県広島市,（株）ガレージスリーセブン,"Garage Three Seven Co., Ltd.",,341002,,広島県 広島市安佐南区伴東 ７丁目３１－１１ ,,,,,,34.4654939,132.4173906,,,,,,,7313164,Hiroshima_Free_Wi-Fi_Lite,,,
314002,,,広島県広島市,ＢＡＲスカラベ,BAR Scarab,,341002,,広島県 広島市中区胡町　 ４－２４ クリタ胡町ビル５ＦＡ号,,,,,,34.3930108,132.4653,,,,,,,7300021,Hiroshima_Free_Wi-Fi_Lite,,,
314002,,,広島県広島市,広島パークレーン,Hiroshima Park Lane Bowling Center,,341002,,広島県 広島市中区八丁堀 １１－６ ,,,,,,34.3954017,132.4624831,,,,,,,7300013,Hiroshima_Free_Wi-Fi_Lite,,,
314002,,,広島県広島市,希林,"Kirin, Izakaya",,341002,,広島県 広島市中区堺町２丁目 ４－１６ 堺町Ｙビル１Ｆ,,,,,,34.394646,132.4441721,,,,,,,7300853,Hiroshima_Free_Wi-Fi_Lite,,,
314002,,,広島県広島市,ＷＩＬＬＥＲ　ＥＸＰＲＥＳＳ株式会社,"WILLER EXPRESS Co., Ltd.",,341002,,広島県 広島市東区二葉の里３丁目 ５－７ ＧＲＡＮＯＤＥ広島１階,,,,,,34.4004215,132.4750636,,,,,,,7320057,Hiroshima_Free_Wi-Fi_Lite,,,
314002,,,広島県広島市,呑ん処てんまり,"Tenmari, izakaya",,341002,,広島県 広島市中区流川町　 ５－１９ カサブランカビル２０７０号,,,,,,34.3898525,132.4639667,,,,,,,7300028,Hiroshima_Free_Wi-Fi_Lite,,,
314002,,,広島県広島市,日東カストディアルサービス株式会社,"Nitto Custodial Service Co., Ltd.",,341002,,広島県 広島市南区松川町 １－１９ 太陽生命松川町ビル４階,,,,,,34.3913219,132.4719167,,,,,,,7320826,Hiroshima_Free_Wi-Fi_Lite,,,
314002,,,広島県広島市,吉島すぎもと眼科,Yoshijima Sugimoto Eye Clinic ,,341002,,広島県 広島市中区吉島西２丁目 １４－１２ クリニックモール吉島４階,,,,,,34.3725146,132.444595,,,,,,,7300823,Hiroshima_Free_Wi-Fi_Lite,,,
314002,,,広島県広島市,康仁薬局　楽々園店,"Kojin pharmacy, Rakurakuen",,341002,,広島県 広島県広島市佐伯区楽々園 ５丁目９－５ 楽々園クリニックビル１階,,,,,,34.3607086,132.3520037,,,,,,,7315136,Hiroshima_Free_Wi-Fi_Lite,,,
314002,,,広島県広島市,康仁薬局　庚午店,"Kojin pharmacy, Kogo",,341002,,広島県 広島市西区庚午北 ２－１７－１０ ,,,,,,34.388255,132.4188694,,,,,,,7330821,Hiroshima_Free_Wi-Fi_Lite,,,
314002,,,広島県広島市,さんくす薬局　庚午南店,Thanks Pharmacy of Kogominami,,341002,,広島県 広島市西区庚午南 ２－３７－３１ かのえビル　１階　,,,,,,34.3813229,132.4103783,,,,,,,7330823,Hiroshima_Free_Wi-Fi_Lite,,,
314002,,,広島県広島市,さんくす薬局井口店,Thanks Pharmacy of Inokuchi,,341002,,広島県 広島市西区井口台 ２－２３－３２ 井口台パークセンター　１階,,,,,,34.3778256,132.3790689,,,,,,,7330844,Hiroshima_Free_Wi-Fi_Lite,,,
314002,,,広島県広島市,クルーズ薬局　西風新都店,"Cruise pharmacy, Seifushinto ",,341002,,広島県 広島市安佐南区伴南 １丁目５－１８－８ 西風新都ゆめビル　１０１,,,,,,34.4481728,132.3807519,,,,,,,7313168,Hiroshima_Free_Wi-Fi_Lite,,,
314002,,,広島県広島市,康仁薬局　大町店,Kojin Pharmacy of Omachi,,341002,,広島県 広島市安佐南区大町東 １－８－２５ カサグランデ１　１Ｆ,,,,,,34.4567906,132.4676417,,,,,,,7310124,Hiroshima_Free_Wi-Fi_Lite,,,
314002,,,広島県広島市,康仁薬局　段原店,"Kojin pharmacy, Danbara",,341002,,広島県 広島市南区段原南 １‐３‐５３ 広島イーストビル　１Ｆ,,,,,,34.3856817,132.476005,,,,,,,7320814,Hiroshima_Free_Wi-Fi_Lite,,,
314002,,,広島県広島市,康仁薬局　牛田店,Kojin Pharmacy of Ushita ,,341002,,広島県 広島市東区牛田中 ２－２－１ ,,,,,,34.4120808,132.4736175,,,,,,,7320065,Hiroshima_Free_Wi-Fi_Lite,,,
314002,,,広島県広島市,康仁薬局　グランアーク店,Kojin Pharmacy of Grand Arc ,,341002,,広島県 広島市東区若草町 １１－２ グランアークテラス３Ｆ,,,,,,34.3987269,132.4781544,,,,,,,7320053,Hiroshima_Free_Wi-Fi_Lite,,,
314002,,,広島県広島市,さんくす薬局　東原店,"Thanks pharmacy, Higashihara",,341002,,広島県 広島市安佐南区東原 １－１－２ シーブリーズ東原七番館１Ｆ,,,,,,34.4437786,132.4799272,,,,,,,7310112,Hiroshima_Free_Wi-Fi_Lite,,,
314002,,,広島県広島市,さんくす薬局　五日市中央店,Thanks Pharmacy of Itsukaichichuo,,341002,,広島県 広島市佐伯区五日市中央 ５丁目１１－２１ 益ビル１Ｆ,,,,,,34.3752361,132.3535328,,,,,,,7315128,Hiroshima_Free_Wi-Fi_Lite,,,
314002,,,広島県広島市,さんくす薬局　沼田店,Thanks Pharmacy of Numata ,,341002,,広島県 広島市安佐南区伴東 ７丁目５８番３号 沼田ほうゆう薬局,,,,,,34.4621106,132.41071,,,,,,,7313164,Hiroshima_Free_Wi-Fi_Lite,,,
314002,,,広島県広島市,クルーズ薬局　緑井店,"Cruise pharmacy, Midorii",,341002,,広島県 広島市安佐南区緑井 ５－２９－１８ 緑井ゆめビル１０１,,,,,,34.4673456,132.4769403,,,,,,,7310103,Hiroshima_Free_Wi-Fi_Lite,,,
314002,,,広島県広島市,クルーズ薬局　祇園店,"Cruise pharmacy, Gion",,341002,,広島県 広島市安佐南区祇園 ５丁目２番４５ 祇園クリニックビル１Ｆ,,,,,,34.4471647,132.4605746,,,,,,,7310138,Hiroshima_Free_Wi-Fi_Lite,,,
314002,,,広島県広島市,クルーズ薬局　段原店,Cruise Pharmacy of Danbara ,,341002,,広島県 広島市南区段原日出１丁目 １５－１３ 山田外科内科病院１Ｆ,,,,,,34.3865539,132.4807522,,,,,,,7320818,Hiroshima_Free_Wi-Fi_Lite,,,
314002,,,広島県広島市,康仁薬局　矢賀店,Kojin Pharmacy of Yaga,,341002,,広島県 広島市東区矢賀２丁目 ８‐１８ 康仁薬局　矢賀店,,,,,,34.3993522,132.4969839,,,,,,,7320042,Hiroshima_Free_Wi-Fi_Lite,,,
314002,,,広島県広島市,康仁薬局　宇品神田店,Kojin Pharmacy of Ujinakanda ,,341002,,広島県 広島市南区宇品神田 １‐２‐１６ ペガサスメディカル宇品２０２号,,,,,,34.3677652,132.4648781,,,,,,,7340004,Hiroshima_Free_Wi-Fi_Lite,,,
314002,,,広島県広島市,康仁薬局　矢野店,Kojin Pharmacy of Yano,,341002,,広島県 広島市安芸区矢野西 ４－１－２１ 矢野メディックスビル２Ｆ,,,,,,34.3523364,132.53271,,,,,,,7360085,Hiroshima_Free_Wi-Fi_Lite,,,
314002,,,広島県広島市,ワークショップ西風舎,Workshop Seifusha,,341002,,広島県 広島市　西区己斐　上２丁目 ６－７ ,,,,,,34.4014319,132.4212136,,,,,,,7330815,Hiroshima_Free_Wi-Fi_Lite,,,
314002,,,広島県広島市,鉄板酒場　ぶいぶい,Tavern Teppan Sakaba Buibui,,341002,,広島県 広島市中区流川町 ５－１９ カサブランカビル　１階１０７０,,,,,,34.3898525,132.4639667,,,,,,,7300028,Hiroshima_Free_Wi-Fi_Lite,,,
314002,,,広島県広島市,本格焼肉ほんまもん胡店,"Honmamon, Ebisu, Japanese style BBQ restaurant",,341002,,広島県 広島市中区胡町 １－１９ ,,,,,,34.3930525,132.4661611,,,,,,,7300021,Hiroshima_Free_Wi-Fi_Lite,,,
314002,,,広島県広島市,食の縁すみか,Izakaya tavern Syokunoen SUMIKA,,341002,,広島県 広島市中区袋町 １－１３ 日専連ビル３Ｆ,,,,,,34.3919775,132.4603361,,,,,,,7300037,Hiroshima_Free_Wi-Fi_Lite,,,
314002,,,広島県広島市,ゆめ,Yume Restaurant,,341002,,広島県 広島市中区堀川町 １－２９ アルファビル　５０１号,,,,,,34.3922692,132.4650361,,,,,,,7300033,Hiroshima_Free_Wi-Fi_Lite,,,
314002,,,広島県広島市,康仁薬局　八幡東店,"Kojin Pharmacy, Yahatahigashi Branch",,341002,,広島県 広島市佐伯区八幡東 ３－２８－１７ ,,,,,,34.3840381,132.3616756,,,,,,,7315115,Hiroshima_Free_Wi-Fi_Lite,,,
314002,,,広島県広島市,くるみ薬局　沼田店,Kurumi Pharmacy Numata Store,,341002,,広島県 広島市安佐南区伴東７丁目 ５９番１号 ,,,,,,34.4636057,132.4126673,,,,,,,7313164,Hiroshima_Free_Wi-Fi_Lite,,,
314002,,,広島県広島市,お好み焼き　鉄板串　かんてつ,"Okonomiyaki, Iron Plate Skewers, Kantetsu",,341002,,広島県 広島市南区京橋町 ７－１４ ＮＫビル　１０２号,,,,,,34.3943469,132.4715639,,,,,,,7320828,Hiroshima_Free_Wi-Fi_Lite,,,
314002,,,広島県広島市,エンバーク,Mens Fashion Embark,,341002,,広島県 広島市中区中町 ９－２６ トミヤビル３Ｆ,,,,,,34.3895411,132.4598564,,,,,,,7300037,Hiroshima_Free_Wi-Fi_Lite,,,
314002,,,広島県広島市,康仁薬局　井口店,Kojin Pharmacy Inokuchi Branch,,341002,,広島県 広島市西区井口 ４丁目７－１８－７ サンフラワービル１階,,,,,,34.3704672,132.3744633,,,,,,,7330842,Hiroshima_Free_Wi-Fi_Lite,,,
314002,,,広島県広島市,康仁薬局　猿猴橋店,Yasujin Pharmacy Enkobashi Store,,341002,,広島県 広島市南区猿猴橋町 ６－３４－１ カープロードクリニックビル１階,,,,,,34.3952519,132.4783517,,,,,,,7320823,Hiroshima_Free_Wi-Fi_Lite,,,
314002,,,広島県広島市,湯来体育館,Yuki Gymnastics Center ,,341002,,広島県 広島市佐伯区湯来町白砂 １２１５番地の１ ,,,,,,34.4361922,132.2888661,,,,,,,7380512,Hiroshima_Free_Wi-Fi_Lite,,,
