anchor_id,city_id,city_name,official_name_ja,anchor_type,official_source_type,alias_ko,alias_source,confidence,review_status,matched_product_count,matched_product_titles,notes
official-kyoto-facility-0000003469,jp-kyoto,교토,清水寺,place,tourism_facility,청수사,curated_ko_name,0.95,auto_candidate_matched,6,"[교토역 출발, 하차가능] 오사카 버스투어 아라시야마 금각사 청수사 니코니코 일일 투어 | [여행 한 그릇] 사진 촬영 포함, 아라시야마, 금각사, 여우신사, 청수사 교토 버스 투어 | [인디고트래블] 오사카 교토 일일 버스투어 여행 후시미이나리 아라시야마 은각사 청수사 | 오사카 출발 교토 1일 버스투어 프로사진 촬영 아라시야마 금각사 청수사 후시미이나리 유투어 | 1인출발-교토버스투어 (후시미이나리,청수사,금각사,아리시야마)교토역 &오사카 우메다 승하차",auto-generated alias candidate; review before treating as confirmed translation
official-kyoto-facility-0000000323,jp-kyoto,교토,伏見稲荷大社,place,tourism_facility,후시미이나리,curated_ko_name,0.95,auto_candidate_matched,5,"[한국어]교토 & 나라 1일 투어 |기요미즈데라, 후시미이나리 신사, 나라 사슴 공원 | [교토] 후시미 이나리 + 킨카쿠지 + 대나무 숲 :: 세계유산 7곳 종일 버스 투어 | [인디고트래블] 오사카 교토 일일 버스투어 여행 후시미이나리 아라시야마 은각사 청수사 | 오사카 출발 교토 1일 버스투어 프로사진 촬영 아라시야마 금각사 청수사 후시미이나리 유투어 | 1인출발-교토버스투어 (후시미이나리,청수사,금각사,아리시야마)교토역 &오사카 우메다 승하차",auto-generated alias candidate; review before treating as confirmed translation
official-kyoto-facility-0000003468,jp-kyoto,교토,鹿苑寺（金閣寺）,place,tourism_facility,금각사,curated_ko_name,0.95,auto_candidate_matched,5,"[교토역 출발, 하차가능] 오사카 버스투어 아라시야마 금각사 청수사 니코니코 일일 투어 | [여행 한 그릇] 사진 촬영 포함, 아라시야마, 금각사, 여우신사, 청수사 교토 버스 투어 | 오사카 출발 교토 1일 버스투어 프로사진 촬영 아라시야마 금각사 청수사 후시미이나리 유투어 | 1인출발-교토버스투어 (후시미이나리,청수사,금각사,아리시야마)교토역 &오사카 우메다 승하차 | [여행 한 그릇] 갖가지 혜택 포함, 아라시야마, 금각사, 여우신사, 청수사 버스 투어",auto-generated alias candidate; review before treating as confirmed translation
official-kyoto-facility-0000003714,jp-kyoto,교토,祇園,place,tourism_facility,기온,curated_ko_name,0.95,auto_candidate_matched,4,"[교토] 기온 게이샤 야간 워킹 투어 — 최대 10명 소규모 그룹 | (당일 사용) 교토 기온 거리~ 야간 가이세키 미식투어 (10코스 저녁식사와 야경 감상) | [교토] 기온 게이샤 지구 야간 워킹 투어 + 폰토초 골목 탐방 | 일본 오사카 출발 나라 우지 교토 기온거리 버스 투어 여행, 그리고 무료 사진 촬영",auto-generated alias candidate; review before treating as confirmed translation
official-fukuoka-guide-26798,jp-fukuoka,후쿠오카,福岡タワー,place,tourism_facility,후쿠오카타워,jp_term_rule,0.79,auto_candidate_matched,3,후쿠오카 타워 전망대 입장권 | [즉시확정/당일사용] 후쿠오카 타워 전망대 입장권 | 큐슈 이토시마 비경: 천여사 & 토토로 숲 산책로 & 부부암 & 후쿠오카 타워 일일 코스,auto-generated alias candidate; review before treating as confirmed translation
official-kyoto-facility-0000003469,jp-kyoto,교토,清水寺,place,tourism_facility,기요미즈데라,curated_ko_name,0.95,auto_candidate_matched,2,"[한국어]교토 & 나라 1일 투어 |기요미즈데라, 후시미이나리 신사, 나라 사슴 공원 | 교토 요코쿠지 사원 및 아라시야마 투어(요코쿠지 사원, 아라시야마 및 기요미즈데라 사원)",auto-generated alias candidate; review before treating as confirmed translation
official-hiroshima-facility-33,jp-hiroshima,히로시마,おりづるタワー,place,tourism_facility,오리즈루 타워,curated_ko_name,0.95,auto_candidate_matched,2,히로시마 오리즈루 타워 전망대 입장권 (종이학 투입 체험 포함) | 히로시마 오리즈루 타워 입장권,auto-generated alias candidate; review before treating as confirmed translation
official-kyoto-facility-0000000237,jp-kyoto,교토,三千院,place,tourism_facility,산젠인,curated_ko_name,0.95,auto_candidate_matched,1,교토 교외 상설 코스 - 오하라 산젠인과 세계유산 비에이산 엔료쿠지,auto-generated alias candidate; review before treating as confirmed translation
official-kyoto-facility-0000003703,jp-kyoto,교토,北野天満宮,place,tourism_facility,키타노텐만구,curated_ko_name,0.95,auto_candidate_matched,1,"교토 관광 “OKOSHI” 버스 - 라이트업 교토의 단풍 키타노텐만구 오도이 단풍과 마이코와의 저녁, 쇼잔 정원",auto-generated alias candidate; review before treating as confirmed translation
official-kyoto-facility-0000009505,jp-kyoto,교토,慈照寺（銀閣寺）,place,tourism_facility,은각사,curated_ko_name,0.95,auto_candidate_matched,1,[인디고트래블] 오사카 교토 일일 버스투어 여행 후시미이나리 아라시야마 은각사 청수사,auto-generated alias candidate; review before treating as confirmed translation
official-kyoto-facility-0000003468,jp-kyoto,교토,鹿苑寺（金閣寺）,place,tourism_facility,킨카쿠지,curated_ko_name,0.95,auto_candidate_matched,1,[교토] 후시미 이나리 + 킨카쿠지 + 대나무 숲 :: 세계유산 7곳 종일 버스 투어,auto-generated alias candidate; review before treating as confirmed translation
official-hiroshima-facility-14,jp-hiroshima,히로시마,広島城,place,tourism_facility,히로시마성,curated_ko_name,0.95,auto_candidate_matched,1,"히로시마 일일관광 - 미야지마, 평화공원, 원폭돔, 히로시마성",auto-generated alias candidate; review before treating as confirmed translation
official-hiroshima-facility-15,jp-hiroshima,히로시마,広島平和記念資料館,place,tourism_facility,히로시마평화기념관,ko_short_form_rule,0.95,auto_candidate_matched,1,[히로시마] 평화기념관 + 미야지마 이쓰쿠시마 신사 :: 유네스코 등재지 1일 투어,auto-generated alias candidate; review before treating as confirmed translation
official-kyoto-facility-0000000299,jp-kyoto,교토,あだし野念仏寺,place,tourism_facility,あだし野念仏사,jp_term_rule,0.63,auto_candidate_unmatched,0,,auto-generated alias candidate; review before treating as confirmed translation
official-kyoto-facility-0000003603,jp-kyoto,교토,いけばな資料館,place,tourism_facility,いけばな자료관,jp_term_rule,0.63,auto_candidate_unmatched,0,,auto-generated alias candidate; review before treating as confirmed translation
official-kyoto-facility-0000006221,jp-kyoto,교토,ゑびす神社,place,tourism_facility,ゑびす신사,jp_term_rule,0.63,auto_candidate_unmatched,0,,auto-generated alias candidate; review before treating as confirmed translation
official-kyoto-facility-0000003421,jp-kyoto,교토,ジオラマ京都JAPAN（鉄道ミュージアム）,place,tourism_facility,ジオラマ교토JAPAN（鉄道ミュージアム）,jp_term_rule,0.63,auto_candidate_unmatched,0,,auto-generated alias candidate; review before treating as confirmed translation
official-kyoto-facility-0000003671,jp-kyoto,교토,ブリキのおもちゃと人形博物館（TIN TOYS & DOLL MUSEUM）,place,tourism_facility,ブリキのおもちゃと人形박물관（TIN TOYS & DOLL MUSEUM）,jp_term_rule,0.63,auto_candidate_unmatched,0,,auto-generated alias candidate; review before treating as confirmed translation
official-kyoto-facility-0000000211,jp-kyoto,교토,一乗寺下り松,place,tourism_facility,一乗사下り松,jp_term_rule,0.63,auto_candidate_unmatched,0,,auto-generated alias candidate; review before treating as confirmed translation
official-kyoto-facility-0000003631,jp-kyoto,교토,一燈園資料館「香倉院」,place,tourism_facility,一燈園자료관「香倉院」,jp_term_rule,0.63,auto_candidate_unmatched,0,,auto-generated alias candidate; review before treating as confirmed translation
official-kyoto-facility-0000000322,jp-kyoto,교토,三鈷寺,place,tourism_facility,三鈷사,jp_term_rule,0.63,auto_candidate_unmatched,0,,auto-generated alias candidate; review before treating as confirmed translation
official-kyoto-facility-0000009515,jp-kyoto,교토,並河靖之七宝記念館,place,tourism_facility,並河靖之七宝기념館,jp_term_rule,0.63,auto_candidate_unmatched,0,,auto-generated alias candidate; review before treating as confirmed translation
official-kyoto-facility-0000000290,jp-kyoto,교토,中ノ島公園,place,tourism_facility,中ノ島공원,jp_term_rule,0.63,auto_candidate_unmatched,0,,auto-generated alias candidate; review before treating as confirmed translation
official-kyoto-facility-0000000491,jp-kyoto,교토,中道寺,place,tourism_facility,中道사,jp_term_rule,0.63,auto_candidate_unmatched,0,,auto-generated alias candidate; review before treating as confirmed translation
official-kyoto-facility-0000009592,jp-kyoto,교토,乃木神社,place,tourism_facility,乃木신사,jp_term_rule,0.63,auto_candidate_unmatched,0,,auto-generated alias candidate; review before treating as confirmed translation
official-kyoto-facility-0000000287,jp-kyoto,교토,亀山公園,place,tourism_facility,亀山공원,jp_term_rule,0.63,auto_candidate_unmatched,0,,auto-generated alias candidate; review before treating as confirmed translation
official-kyoto-facility-0000000282,jp-kyoto,교토,了徳寺,place,tourism_facility,了徳사,jp_term_rule,0.63,auto_candidate_unmatched,0,,auto-generated alias candidate; review before treating as confirmed translation
official-kyoto-facility-0000006470,jp-kyoto,교토,井伊美術館（旧中村甲刀修史館）,place,tourism_facility,井伊미술관（旧中村甲刀修史館）,jp_term_rule,0.63,auto_candidate_unmatched,0,,auto-generated alias candidate; review before treating as confirmed translation
official-kyoto-facility-0000009044,jp-kyoto,교토,井村美術館,place,tourism_facility,井村미술관,jp_term_rule,0.63,auto_candidate_unmatched,0,,auto-generated alias candidate; review before treating as confirmed translation
official-kyoto-facility-0000003630,jp-kyoto,교토,京の田舎民具資料館,place,tourism_facility,京の田舎民具자료관,jp_term_rule,0.63,auto_candidate_unmatched,0,,auto-generated alias candidate; review before treating as confirmed translation
official-kyoto-facility-0000003523,jp-kyoto,교토,京都ギリシアローマ美術館,place,tourism_facility,교토ギリシアローマ미술관,jp_term_rule,0.71,auto_candidate_unmatched,0,,auto-generated alias candidate; review before treating as confirmed translation
official-kyoto-facility-0000003502,jp-kyoto,교토,京都タワー,place,tourism_facility,교토타워,jp_term_rule,0.71,auto_candidate_unmatched,0,,auto-generated alias candidate; review before treating as confirmed translation
official-kyoto-facility-0000007956,jp-kyoto,교토,京都万華鏡ミュージアム姉小路館,place,tourism_facility,교토万華鏡ミュージアム姉小路館,jp_term_rule,0.63,auto_candidate_unmatched,0,,auto-generated alias candidate; review before treating as confirmed translation
official-kyoto-facility-0000003527,jp-kyoto,교토,京都伝統産業ミュージアム,place,tourism_facility,교토伝統産業ミュージアム,jp_term_rule,0.63,auto_candidate_unmatched,0,,auto-generated alias candidate; review before treating as confirmed translation
official-kyoto-facility-0000006836,jp-kyoto,교토,京都劇場,place,tourism_facility,교토劇場,jp_term_rule,0.63,auto_candidate_unmatched,0,,auto-generated alias candidate; review before treating as confirmed translation
official-kyoto-facility-0000003590,jp-kyoto,교토,京都国立博物館,place,tourism_facility,교토国立박물관,jp_term_rule,0.71,auto_candidate_unmatched,0,,auto-generated alias candidate; review before treating as confirmed translation
official-kyoto-facility-0000003650,jp-kyoto,교토,京都国立近代美術館,place,tourism_facility,교토国立近代미술관,jp_term_rule,0.71,auto_candidate_unmatched,0,,auto-generated alias candidate; review before treating as confirmed translation
official-kyoto-facility-0000008692,jp-kyoto,교토,京都国際マンガミュージアム,place,tourism_facility,교토国際マンガミュージアム,jp_term_rule,0.63,auto_candidate_unmatched,0,,auto-generated alias candidate; review before treating as confirmed translation
official-kyoto-facility-0000003648,jp-kyoto,교토,京都大学総合博物館,place,tourism_facility,교토大学総合박물관,jp_term_rule,0.71,auto_candidate_unmatched,0,,auto-generated alias candidate; review before treating as confirmed translation
official-kyoto-facility-0000003691,jp-kyoto,교토,京都嵐山オルゴール博物館,place,tourism_facility,교토아라시야마オルゴール박물관,jp_term_rule,0.79,auto_candidate_unmatched,0,,auto-generated alias candidate; review before treating as confirmed translation
official-kyoto-facility-0000003651,jp-kyoto,교토,京都工芸繊維大学美術工芸資料館,place,tourism_facility,교토工芸繊維大学美術工芸자료관,jp_term_rule,0.71,auto_candidate_unmatched,0,,auto-generated alias candidate; review before treating as confirmed translation
official-kyoto-facility-0000003649,jp-kyoto,교토,京都市京セラ美術館（京都市美術館）,place,tourism_facility,교토市京セラ미술관（교토市미술관）,jp_term_rule,0.71,auto_candidate_unmatched,0,,auto-generated alias candidate; review before treating as confirmed translation
official-kyoto-facility-0000006475,jp-kyoto,교토,京都市京北森林公園,place,tourism_facility,교토市京北삼림공원,jp_term_rule,0.71,auto_candidate_unmatched,0,,auto-generated alias candidate; review before treating as confirmed translation
official-kyoto-facility-0000003416,jp-kyoto,교토,京都市動物園,place,tourism_facility,교토市動物園,jp_term_rule,0.63,auto_candidate_unmatched,0,,auto-generated alias candidate; review before treating as confirmed translation
official-kyoto-facility-0000006119,jp-kyoto,교토,京都市学校歴史博物館,place,tourism_facility,교토市学校歴史박물관,jp_term_rule,0.71,auto_candidate_unmatched,0,,auto-generated alias candidate; review before treating as confirmed translation
official-kyoto-facility-0000003689,jp-kyoto,교토,京都市嵯峨鳥居本町並み保存館,place,tourism_facility,교토市嵯峨鳥居本町並み保存館,jp_term_rule,0.63,auto_candidate_unmatched,0,,auto-generated alias candidate; review before treating as confirmed translation
official-kyoto-facility-0000003623,jp-kyoto,교토,京都市歴史資料館,place,tourism_facility,교토市歴史자료관,jp_term_rule,0.71,auto_candidate_unmatched,0,,auto-generated alias candidate; review before treating as confirmed translation
official-kyoto-facility-0000000753,jp-kyoto,교토,京都市洛西竹林公園,place,tourism_facility,교토市洛西竹林공원,jp_term_rule,0.71,auto_candidate_unmatched,0,,auto-generated alias candidate; review before treating as confirmed translation
official-kyoto-facility-0000003612,jp-kyoto,교토,京都市立芸術大学芸術資料館,place,tourism_facility,교토市立芸術大学芸術자료관,jp_term_rule,0.71,auto_candidate_unmatched,0,,auto-generated alias candidate; review before treating as confirmed translation
official-kyoto-facility-0000003624,jp-kyoto,교토,京都市考古資料館,place,tourism_facility,교토市考古자료관,jp_term_rule,0.71,auto_candidate_unmatched,0,,auto-generated alias candidate; review before treating as confirmed translation
official-kyoto-facility-0000003563,jp-kyoto,교토,京都府立堂本印象美術館,place,tourism_facility,교토府立堂本印象미술관,jp_term_rule,0.71,auto_candidate_unmatched,0,,auto-generated alias candidate; review before treating as confirmed translation
official-kyoto-facility-0000009502,jp-kyoto,교토,京都府立植物園,place,tourism_facility,교토府立植物園,jp_term_rule,0.63,auto_candidate_unmatched,0,,auto-generated alias candidate; review before treating as confirmed translation
official-kyoto-facility-0000000054,jp-kyoto,교토,京都御所,place,tourism_facility,교토御所,jp_term_rule,0.63,auto_candidate_unmatched,0,,auto-generated alias candidate; review before treating as confirmed translation
official-kyoto-facility-0000009619,jp-kyoto,교토,京都教育大学教育資料館（まなびの森ミュージアム）,place,tourism_facility,교토教育大学教育자료관（まなびの森ミュージアム）,jp_term_rule,0.71,auto_candidate_unmatched,0,,auto-generated alias candidate; review before treating as confirmed translation
official-kyoto-facility-0000003601,jp-kyoto,교토,京都文化博物館,place,tourism_facility,교토文化박물관,jp_term_rule,0.71,auto_candidate_unmatched,0,,auto-generated alias candidate; review before treating as confirmed translation
official-kyoto-facility-0000003644,jp-kyoto,교토,京都民芸資料館,place,tourism_facility,교토民芸자료관,jp_term_rule,0.71,auto_candidate_unmatched,0,,auto-generated alias candidate; review before treating as confirmed translation
official-kyoto-facility-0000009546,jp-kyoto,교토,京都水族館,place,tourism_facility,교토水族館,jp_term_rule,0.63,auto_candidate_unmatched,0,,auto-generated alias candidate; review before treating as confirmed translation
official-kyoto-facility-0000003591,jp-kyoto,교토,京都祇園らんぷ美術館,place,tourism_facility,교토기온らんぷ미술관,jp_term_rule,0.79,auto_candidate_unmatched,0,,auto-generated alias candidate; review before treating as confirmed translation
official-kyoto-facility-0000003669,jp-kyoto,교토,京都鉄道博物館,place,tourism_facility,교토鉄道박물관,jp_term_rule,0.71,auto_candidate_unmatched,0,,auto-generated alias candidate; review before treating as confirmed translation
official-kyoto-facility-0000000110,jp-kyoto,교토,京都霊山護國神社,place,tourism_facility,교토霊山護國신사,jp_term_rule,0.71,auto_candidate_unmatched,0,,auto-generated alias candidate; review before treating as confirmed translation
official-kyoto-facility-0000003458,jp-kyoto,교토,仁和寺,place,tourism_facility,仁和사,jp_term_rule,0.63,auto_candidate_unmatched,0,,auto-generated alias candidate; review before treating as confirmed translation
official-kyoto-facility-0000000258,jp-kyoto,교토,今宮神社,place,tourism_facility,今宮신사,jp_term_rule,0.63,auto_candidate_unmatched,0,,auto-generated alias candidate; review before treating as confirmed translation
official-kyoto-facility-0000000149,jp-kyoto,교토,今熊野観音寺,place,tourism_facility,今熊野観音사,jp_term_rule,0.63,auto_candidate_unmatched,0,,auto-generated alias candidate; review before treating as confirmed translation
official-kyoto-facility-0000003567,jp-kyoto,교토,伏見城跡出土遺物展示室,place,tourism_facility,伏見성跡出土遺物展示室,jp_term_rule,0.63,auto_candidate_unmatched,0,,auto-generated alias candidate; review before treating as confirmed translation
official-kyoto-facility-0000003593,jp-kyoto,교토,何必館・京都現代美術館,place,tourism_facility,何必館・교토現代미술관,jp_term_rule,0.71,auto_candidate_unmatched,0,,auto-generated alias candidate; review before treating as confirmed translation
official-kyoto-facility-0000003459,jp-kyoto,교토,元離宮二条城,place,tourism_facility,元離宮니조성,jp_term_rule,0.63,auto_candidate_unmatched,0,,auto-generated alias candidate; review before treating as confirmed translation
official-kyoto-facility-0000003459,jp-kyoto,교토,元離宮二条城,place,tourism_facility,니조성,curated_ko_name,0.95,auto_candidate_unmatched,0,,auto-generated alias candidate; review before treating as confirmed translation
official-kyoto-facility-0000000128,jp-kyoto,교토,八坂の塔（法観寺）,place,tourism_facility,八坂の塔（法観사）,jp_term_rule,0.63,auto_candidate_unmatched,0,,auto-generated alias candidate; review before treating as confirmed translation
official-kyoto-facility-0000000105,jp-kyoto,교토,八坂神社,place,tourism_facility,八坂신사,jp_term_rule,0.63,auto_candidate_unmatched,0,,auto-generated alias candidate; review before treating as confirmed translation
official-kyoto-facility-0000000131,jp-kyoto,교토,六波羅蜜寺,place,tourism_facility,六波羅蜜사,jp_term_rule,0.63,auto_candidate_unmatched,0,,auto-generated alias candidate; review before treating as confirmed translation
official-kyoto-facility-0000000035,jp-kyoto,교토,六角堂（紫雲山頂法寺）,place,tourism_facility,六角堂（紫雲山頂法사）,jp_term_rule,0.63,auto_candidate_unmatched,0,,auto-generated alias candidate; review before treating as confirmed translation
official-kyoto-facility-0000009510,jp-kyoto,교토,円山公園,place,tourism_facility,円山공원,jp_term_rule,0.63,auto_candidate_unmatched,0,,auto-generated alias candidate; review before treating as confirmed translation
official-kyoto-facility-0000000318,jp-kyoto,교토,勝持寺（花の寺）,place,tourism_facility,勝持사（花の사）,jp_term_rule,0.63,auto_candidate_unmatched,0,,auto-generated alias candidate; review before treating as confirmed translation
official-kyoto-facility-0000000202,jp-kyoto,교토,勧修寺,place,tourism_facility,勧修사,jp_term_rule,0.63,auto_candidate_unmatched,0,,auto-generated alias candidate; review before treating as confirmed translation
official-kyoto-facility-0000006841,jp-kyoto,교토,北座ぎをん思いで博物館,place,tourism_facility,北座ぎをん思いで박물관,jp_term_rule,0.63,auto_candidate_unmatched,0,,auto-generated alias candidate; review before treating as confirmed translation
official-kyoto-facility-0000003617,jp-kyoto,교토,北村美術館,place,tourism_facility,北村미술관,jp_term_rule,0.63,auto_candidate_unmatched,0,,auto-generated alias candidate; review before treating as confirmed translation
official-kyoto-facility-0000000320,jp-kyoto,교토,十輪寺,place,tourism_facility,十輪사,jp_term_rule,0.63,auto_candidate_unmatched,0,,auto-generated alias candidate; review before treating as confirmed translation
official-kyoto-facility-0000000076,jp-kyoto,교토,千本ゑんま堂（引接寺）,place,tourism_facility,千本ゑんま堂（引接사）,jp_term_rule,0.63,auto_candidate_unmatched,0,,auto-generated alias candidate; review before treating as confirmed translation
official-kyoto-facility-0000000074,jp-kyoto,교토,千本釈迦堂（大報恩寺）,place,tourism_facility,千本釈迦堂（大報恩사）,jp_term_rule,0.63,auto_candidate_unmatched,0,,auto-generated alias candidate; review before treating as confirmed translation
official-kyoto-facility-0000003690,jp-kyoto,교토,博物館さがの人形の家,place,tourism_facility,박물관さがの人形の家,jp_term_rule,0.63,auto_candidate_unmatched,0,,auto-generated alias candidate; review before treating as confirmed translation
official-kyoto-facility-0000000185,jp-kyoto,교토,吉田神社,place,tourism_facility,吉田신사,jp_term_rule,0.63,auto_candidate_unmatched,0,,auto-generated alias candidate; review before treating as confirmed translation
official-kyoto-facility-0000000496,jp-kyoto,교토,周山城址,place,tourism_facility,周山성址,jp_term_rule,0.63,auto_candidate_unmatched,0,,auto-generated alias candidate; review before treating as confirmed translation
official-kyoto-facility-0000000321,jp-kyoto,교토,善峯寺,place,tourism_facility,善峯사,jp_term_rule,0.63,auto_candidate_unmatched,0,,auto-generated alias candidate; review before treating as confirmed translation
official-kyoto-facility-0000009508,jp-kyoto,교토,圓光寺,place,tourism_facility,圓光사,jp_term_rule,0.63,auto_candidate_unmatched,0,,auto-generated alias candidate; review before treating as confirmed translation
official-kyoto-facility-0000000229,jp-kyoto,교토,圓通寺,place,tourism_facility,圓通사,jp_term_rule,0.63,auto_candidate_unmatched,0,,auto-generated alias candidate; review before treating as confirmed translation
official-kyoto-facility-0000000127,jp-kyoto,교토,地主神社,place,tourism_facility,地主신사,jp_term_rule,0.63,auto_candidate_unmatched,0,,auto-generated alias candidate; review before treating as confirmed translation
official-kyoto-facility-0000000310,jp-kyoto,교토,地蔵院（竹の寺）,place,tourism_facility,地蔵院（竹の사）,jp_term_rule,0.63,auto_candidate_unmatched,0,,auto-generated alias candidate; review before treating as confirmed translation
official-kyoto-facility-0000000327,jp-kyoto,교토,城南宮,place,tourism_facility,성南宮,jp_term_rule,0.63,auto_candidate_unmatched,0,,auto-generated alias candidate; review before treating as confirmed translation
official-kyoto-facility-0000003434,jp-kyoto,교토,堀野記念館,place,tourism_facility,堀野기념館,jp_term_rule,0.63,auto_candidate_unmatched,0,,auto-generated alias candidate; review before treating as confirmed translation
official-kyoto-facility-0000000006,jp-kyoto,교토,壬生寺,place,tourism_facility,壬生사,jp_term_rule,0.63,auto_candidate_unmatched,0,,auto-generated alias candidate; review before treating as confirmed translation
official-kyoto-facility-0000003599,jp-kyoto,교토,壬生寺歴史資料室,place,tourism_facility,壬生사歴史資料室,jp_term_rule,0.63,auto_candidate_unmatched,0,,auto-generated alias candidate; review before treating as confirmed translation
official-kyoto-facility-0000000316,jp-kyoto,교토,大原野神社,place,tourism_facility,오하라野신사,jp_term_rule,0.71,auto_candidate_unmatched,0,,auto-generated alias candidate; review before treating as confirmed translation
official-kyoto-facility-0000003620,jp-kyoto,교토,大将軍八神社方徳殿,place,tourism_facility,大将軍八신사方徳殿,jp_term_rule,0.63,auto_candidate_unmatched,0,,auto-generated alias candidate; review before treating as confirmed translation
official-kyoto-facility-0000000257,jp-kyoto,교토,大徳寺,place,tourism_facility,大徳사,jp_term_rule,0.63,auto_candidate_unmatched,0,,auto-generated alias candidate; review before treating as confirmed translation
official-kyoto-facility-0000008238,jp-kyoto,교토,大本山南禅寺,place,tourism_facility,大本山南禅사,jp_term_rule,0.63,auto_candidate_unmatched,0,,auto-generated alias candidate; review before treating as confirmed translation
official-kyoto-facility-0000009521,jp-kyoto,교토,大本山妙心寺,place,tourism_facility,大本山妙心사,jp_term_rule,0.63,auto_candidate_unmatched,0,,auto-generated alias candidate; review before treating as confirmed translation
official-kyoto-facility-0000009514,jp-kyoto,교토,大本山東福寺,place,tourism_facility,大本山東福사,jp_term_rule,0.63,auto_candidate_unmatched,0,,auto-generated alias candidate; review before treating as confirmed translation
official-kyoto-facility-0000003709,jp-kyoto,교토,大橋家庭園（苔涼庭）,place,tourism_facility,大橋家정원（苔涼庭）,jp_term_rule,0.63,auto_candidate_unmatched,0,,auto-generated alias candidate; review before treating as confirmed translation
official-kyoto-facility-0000003683,jp-kyoto,교토,大河内山荘庭園,place,tourism_facility,大河内山荘정원,jp_term_rule,0.63,auto_candidate_unmatched,0,,auto-generated alias candidate; review before treating as confirmed translation
official-kyoto-facility-0000000255,jp-kyoto,교토,大田神社,place,tourism_facility,大田신사,jp_term_rule,0.63,auto_candidate_unmatched,0,,auto-generated alias candidate; review before treating as confirmed translation
official-kyoto-facility-0000000201,jp-kyoto,교토,大石神社,place,tourism_facility,大石신사,jp_term_rule,0.63,auto_candidate_unmatched,0,,auto-generated alias candidate; review before treating as confirmed translation
official-kyoto-facility-0000006473,jp-kyoto,교토,大西清右衛門美術館,place,tourism_facility,大西清右衛門미술관,jp_term_rule,0.63,auto_candidate_unmatched,0,,auto-generated alias candidate; review before treating as confirmed translation
official-kyoto-facility-0000003376,jp-kyoto,교토,大覚寺,place,tourism_facility,大覚사,jp_term_rule,0.63,auto_candidate_unmatched,0,,auto-generated alias candidate; review before treating as confirmed translation
official-kyoto-facility-0000007556,jp-kyoto,교토,大谷大学博物館,place,tourism_facility,大谷大学박물관,jp_term_rule,0.63,auto_candidate_unmatched,0,,auto-generated alias candidate; review before treating as confirmed translation
official-kyoto-facility-0000003462,jp-kyoto,교토,天龍寺,place,tourism_facility,天龍사,jp_term_rule,0.63,auto_candidate_unmatched,0,,auto-generated alias candidate; review before treating as confirmed translation
official-kyoto-facility-0000008706,jp-kyoto,교토,奥谷組社寺建築展示資料館,place,tourism_facility,奥谷組社사建築展示자료관,jp_term_rule,0.71,auto_candidate_unmatched,0,,auto-generated alias candidate; review before treating as confirmed translation
official-kyoto-facility-0000003372,jp-kyoto,교토,妙円寺・松ヶ崎大黒天,place,tourism_facility,妙円사・松ヶ崎大黒天,jp_term_rule,0.63,auto_candidate_unmatched,0,,auto-generated alias candidate; review before treating as confirmed translation
official-kyoto-facility-0000009519,jp-kyoto,교토,妙心寺 退蔵院,place,tourism_facility,妙心사 退蔵院,jp_term_rule,0.63,auto_candidate_unmatched,0,,auto-generated alias candidate; review before treating as confirmed translation
official-kyoto-facility-0000003359,jp-kyoto,교토,妙心寺大衆禅堂,place,tourism_facility,妙心사大衆禅堂,jp_term_rule,0.63,auto_candidate_unmatched,0,,auto-generated alias candidate; review before treating as confirmed translation
official-kyoto-facility-0000000230,jp-kyoto,교토,妙満寺,place,tourism_facility,妙満사,jp_term_rule,0.63,auto_candidate_unmatched,0,,auto-generated alias candidate; review before treating as confirmed translation
official-kyoto-facility-0000003381,jp-kyoto,교토,妙蓮寺,place,tourism_facility,妙蓮사,jp_term_rule,0.63,auto_candidate_unmatched,0,,auto-generated alias candidate; review before treating as confirmed translation
official-kyoto-facility-0000005956,jp-kyoto,교토,宇津峡公園,place,tourism_facility,宇津峡공원,jp_term_rule,0.63,auto_candidate_unmatched,0,,auto-generated alias candidate; review before treating as confirmed translation
official-kyoto-facility-0000000521,jp-kyoto,교토,安楽寺,place,tourism_facility,安楽사,jp_term_rule,0.63,auto_candidate_unmatched,0,,auto-generated alias candidate; review before treating as confirmed translation
official-kyoto-facility-0000000223,jp-kyoto,교토,宝が池公園,place,tourism_facility,宝が池공원,jp_term_rule,0.63,auto_candidate_unmatched,0,,auto-generated alias candidate; review before treating as confirmed translation
official-kyoto-facility-0000000080,jp-kyoto,교토,宝鏡寺（人形の寺）,place,tourism_facility,宝鏡사（人形の사）,jp_term_rule,0.63,auto_candidate_unmatched,0,,auto-generated alias candidate; review before treating as confirmed translation
official-kyoto-facility-0000003710,jp-kyoto,교토,寺田屋,place,tourism_facility,사田屋,jp_term_rule,0.63,auto_candidate_unmatched,0,,auto-generated alias candidate; review before treating as confirmed translation
official-kyoto-facility-0000000267,jp-kyoto,교토,小町寺（補陀洛寺）,place,tourism_facility,小町사（補陀洛사）,jp_term_rule,0.63,auto_candidate_unmatched,0,,auto-generated alias candidate; review before treating as confirmed translation
official-kyoto-facility-0000000490,jp-kyoto,교토,山國神社,place,tourism_facility,山國신사,jp_term_rule,0.63,auto_candidate_unmatched,0,,auto-generated alias candidate; review before treating as confirmed translation
official-kyoto-facility-0000003598,jp-kyoto,교토,島津製作所 創業記念資料館,place,tourism_facility,島津製作所 創業기념자료관,jp_term_rule,0.71,auto_candidate_unmatched,0,,auto-generated alias candidate; review before treating as confirmed translation
official-kyoto-facility-0000006728,jp-kyoto,교토,嵯峨美術大学・嵯峨美術短期大学附属博物館,place,tourism_facility,嵯峨美術大学・嵯峨美術短期大学附属박물관,jp_term_rule,0.63,auto_candidate_unmatched,0,,auto-generated alias candidate; review before treating as confirmed translation
official-kyoto-facility-0000003190,jp-kyoto,교토,川崎大師 京都別院 笠原寺,place,tourism_facility,川崎大師 교토別院 笠原사,jp_term_rule,0.71,auto_candidate_unmatched,0,,auto-generated alias candidate; review before treating as confirmed translation
official-kyoto-facility-0000000294,jp-kyoto,교토,常寂光寺,place,tourism_facility,常寂光사,jp_term_rule,0.63,auto_candidate_unmatched,0,,auto-generated alias candidate; review before treating as confirmed translation
official-kyoto-facility-0000000261,jp-kyoto,교토,常照寺,place,tourism_facility,常照사,jp_term_rule,0.63,auto_candidate_unmatched,0,,auto-generated alias candidate; review before treating as confirmed translation
official-kyoto-facility-0000000487,jp-kyoto,교토,常照皇寺,place,tourism_facility,常照皇사,jp_term_rule,0.63,auto_candidate_unmatched,0,,auto-generated alias candidate; review before treating as confirmed translation
official-kyoto-facility-0000000276,jp-kyoto,교토,平野神社,place,tourism_facility,平野신사,jp_term_rule,0.63,auto_candidate_unmatched,0,,auto-generated alias candidate; review before treating as confirmed translation
official-kyoto-facility-0000000283,jp-kyoto,교토,広隆寺,place,tourism_facility,広隆사,jp_term_rule,0.63,auto_candidate_unmatched,0,,auto-generated alias candidate; review before treating as confirmed translation
official-kyoto-facility-0000000057,jp-kyoto,교토,廬山寺,place,tourism_facility,廬山사,jp_term_rule,0.63,auto_candidate_unmatched,0,,auto-generated alias candidate; review before treating as confirmed translation
official-kyoto-facility-0000009045,jp-kyoto,교토,建仁寺,place,tourism_facility,建仁사,jp_term_rule,0.63,auto_candidate_unmatched,0,,auto-generated alias candidate; review before treating as confirmed translation
official-kyoto-facility-0000000084,jp-kyoto,교토,建勲神社,place,tourism_facility,建勲신사,jp_term_rule,0.63,auto_candidate_unmatched,0,,auto-generated alias candidate; review before treating as confirmed translation
official-kyoto-facility-0000000764,jp-kyoto,교토,御香宮神社,place,tourism_facility,御香宮신사,jp_term_rule,0.63,auto_candidate_unmatched,0,,auto-generated alias candidate; review before treating as confirmed translation
official-kyoto-facility-0000003195,jp-kyoto,교토,念佛寺,place,tourism_facility,念佛사,jp_term_rule,0.63,auto_candidate_unmatched,0,,auto-generated alias candidate; review before treating as confirmed translation
official-kyoto-facility-0000000743,jp-kyoto,교토,愛宕山・愛宕神社,place,tourism_facility,愛宕山・愛宕신사,jp_term_rule,0.63,auto_candidate_unmatched,0,,auto-generated alias candidate; review before treating as confirmed translation
official-kyoto-facility-0000000744,jp-kyoto,교토,愛宕念仏寺,place,tourism_facility,愛宕念仏사,jp_term_rule,0.63,auto_candidate_unmatched,0,,auto-generated alias candidate; review before treating as confirmed translation
official-kyoto-facility-0000009505,jp-kyoto,교토,慈照寺（銀閣寺）,place,tourism_facility,긴카쿠지,curated_ko_name,0.95,auto_candidate_unmatched,0,,auto-generated alias candidate; review before treating as confirmed translation
official-kyoto-facility-0000009505,jp-kyoto,교토,慈照寺（銀閣寺）,place,tourism_facility,지쇼지（은각사）,jp_term_rule,0.71,auto_candidate_unmatched,0,,auto-generated alias candidate; review before treating as confirmed translation
official-kyoto-facility-0000003461,jp-kyoto,교토,教王護国寺（東寺）,place,tourism_facility,教王護国사（東사）,jp_term_rule,0.63,auto_candidate_unmatched,0,,auto-generated alias candidate; review before treating as confirmed translation
official-kyoto-facility-0000000143,jp-kyoto,교토,方広寺,place,tourism_facility,方広사,jp_term_rule,0.63,auto_candidate_unmatched,0,,auto-generated alias candidate; review before treating as confirmed translation
official-kyoto-facility-0000003425,jp-kyoto,교토,月桂冠大倉記念館,place,tourism_facility,月桂冠大倉기념館,jp_term_rule,0.63,auto_candidate_unmatched,0,,auto-generated alias candidate; review before treating as confirmed translation
official-kyoto-facility-0000003362,jp-kyoto,교토,月輪寺,place,tourism_facility,月輪사,jp_term_rule,0.63,auto_candidate_unmatched,0,,auto-generated alias candidate; review before treating as confirmed translation
official-kyoto-facility-0000000081,jp-kyoto,교토,本法寺,place,tourism_facility,本法사,jp_term_rule,0.63,auto_candidate_unmatched,0,,auto-generated alias candidate; review before treating as confirmed translation
official-kyoto-facility-0000000036,jp-kyoto,교토,本能寺,place,tourism_facility,本能사,jp_term_rule,0.63,auto_candidate_unmatched,0,,auto-generated alias candidate; review before treating as confirmed translation
official-kyoto-facility-0000003460,jp-kyoto,교토,本願寺（西本願寺）,place,tourism_facility,本願사（西本願사）,jp_term_rule,0.63,auto_candidate_unmatched,0,,auto-generated alias candidate; review before treating as confirmed translation
official-kyoto-facility-0000001209,jp-kyoto,교토,東本願寺（真宗本廟）,place,tourism_facility,東本願사（真宗本廟）,jp_term_rule,0.63,auto_candidate_unmatched,0,,auto-generated alias candidate; review before treating as confirmed translation
official-kyoto-facility-0000000308,jp-kyoto,교토,松尾大社,place,tourism_facility,松尾대사,jp_term_rule,0.63,auto_candidate_unmatched,0,,auto-generated alias candidate; review before treating as confirmed translation
official-kyoto-facility-0000000312,jp-kyoto,교토,梅宮大社,place,tourism_facility,梅宮대사,jp_term_rule,0.63,auto_candidate_unmatched,0,,auto-generated alias candidate; review before treating as confirmed translation
official-kyoto-facility-0000003419,jp-kyoto,교토,梅小路公園,place,tourism_facility,梅小路공원,jp_term_rule,0.63,auto_candidate_unmatched,0,,auto-generated alias candidate; review before treating as confirmed translation
official-kyoto-facility-0000000056,jp-kyoto,교토,梨木神社,place,tourism_facility,梨木신사,jp_term_rule,0.63,auto_candidate_unmatched,0,,auto-generated alias candidate; review before treating as confirmed translation
official-kyoto-facility-0000003625,jp-kyoto,교토,樂美術館,place,tourism_facility,樂미술관,jp_term_rule,0.63,auto_candidate_unmatched,0,,auto-generated alias candidate; review before treating as confirmed translation
official-kyoto-facility-0000009495,jp-kyoto,교토,正伝寺,place,tourism_facility,正伝사,jp_term_rule,0.63,auto_candidate_unmatched,0,,auto-generated alias candidate; review before treating as confirmed translation
official-kyoto-facility-0000009524,jp-kyoto,교토,正法寺,place,tourism_facility,正法사,jp_term_rule,0.63,auto_candidate_unmatched,0,,auto-generated alias candidate; review before treating as confirmed translation
official-kyoto-facility-0000008667,jp-kyoto,교토,正行院（猿寺）,place,tourism_facility,正行院（猿사）,jp_term_rule,0.63,auto_candidate_unmatched,0,,auto-generated alias candidate; review before treating as confirmed translation
official-kyoto-facility-0000000158,jp-kyoto,교토,永観堂（禅林寺）,place,tourism_facility,永観堂（禅林사）,jp_term_rule,0.63,auto_candidate_unmatched,0,,auto-generated alias candidate; review before treating as confirmed translation
official-kyoto-facility-0000003592,jp-kyoto,교토,河井寛次郎記念館,place,tourism_facility,河井寛次郎기념館,jp_term_rule,0.63,auto_candidate_unmatched,0,,auto-generated alias candidate; review before treating as confirmed translation
official-kyoto-facility-0000000145,jp-kyoto,교토,泉涌寺,place,tourism_facility,泉涌사,jp_term_rule,0.63,auto_candidate_unmatched,0,,auto-generated alias candidate; review before treating as confirmed translation
official-kyoto-facility-0000003366,jp-kyoto,교토,法住寺,place,tourism_facility,法住사,jp_term_rule,0.63,auto_candidate_unmatched,0,,auto-generated alias candidate; review before treating as confirmed translation
official-kyoto-facility-0000000292,jp-kyoto,교토,法輪寺,place,tourism_facility,法輪사,jp_term_rule,0.63,auto_candidate_unmatched,0,,auto-generated alias candidate; review before treating as confirmed translation
official-kyoto-facility-0000000302,jp-kyoto,교토,清凉寺,place,tourism_facility,清凉사,jp_term_rule,0.63,auto_candidate_unmatched,0,,auto-generated alias candidate; review before treating as confirmed translation
official-kyoto-facility-0000006466,jp-kyoto,교토,清水三年坂美術館,place,tourism_facility,清水三年坂미술관,jp_term_rule,0.63,auto_candidate_unmatched,0,,auto-generated alias candidate; review before treating as confirmed translation
official-kyoto-facility-0000009690,jp-kyoto,교토,源光寺,place,tourism_facility,源光사,jp_term_rule,0.63,auto_candidate_unmatched,0,,auto-generated alias candidate; review before treating as confirmed translation
official-kyoto-facility-0000000298,jp-kyoto,교토,滝口寺,place,tourism_facility,滝口사,jp_term_rule,0.63,auto_candidate_unmatched,0,,auto-generated alias candidate; review before treating as confirmed translation
official-kyoto-facility-0000006469,jp-kyoto,교토,漢検 漢字博物館・図書館（漢字ミュージアム）,place,tourism_facility,漢検 漢字박물관・도서관（漢字ミュージアム）,jp_term_rule,0.71,auto_candidate_unmatched,0,,auto-generated alias candidate; review before treating as confirmed translation
official-kyoto-facility-0000000159,jp-kyoto,교토,熊野若王子神社,place,tourism_facility,熊野若王子신사,jp_term_rule,0.63,auto_candidate_unmatched,0,,auto-generated alias candidate; review before treating as confirmed translation
official-kyoto-facility-0000003635,jp-kyoto,교토,琵琶湖疏水記念館,place,tourism_facility,琵琶湖疏水기념館,jp_term_rule,0.63,auto_candidate_unmatched,0,,auto-generated alias candidate; review before treating as confirmed translation
official-kyoto-facility-0000000692,jp-kyoto,교토,由岐神社,place,tourism_facility,由岐신사,jp_term_rule,0.63,auto_candidate_unmatched,0,,auto-generated alias candidate; review before treating as confirmed translation
official-kyoto-facility-0000000198,jp-kyoto,교토,疏水公園,place,tourism_facility,疏水공원,jp_term_rule,0.63,auto_candidate_unmatched,0,,auto-generated alias candidate; review before treating as confirmed translation
official-kyoto-facility-0000003643,jp-kyoto,교토,白沙村荘橋本関雪記念館,place,tourism_facility,白沙村荘橋本関雪기념館,jp_term_rule,0.63,auto_candidate_unmatched,0,,auto-generated alias candidate; review before treating as confirmed translation
official-kyoto-facility-0000000059,jp-kyoto,교토,相国寺,place,tourism_facility,相国사,jp_term_rule,0.63,auto_candidate_unmatched,0,,auto-generated alias candidate; review before treating as confirmed translation
official-kyoto-facility-0000003621,jp-kyoto,교토,相国寺承天閣美術館,place,tourism_facility,相国사承天閣미술관,jp_term_rule,0.71,auto_candidate_unmatched,0,,auto-generated alias candidate; review before treating as confirmed translation
official-kyoto-facility-0000000187,jp-kyoto,교토,真如堂（真正極楽寺）,place,tourism_facility,真如堂（真正極楽사）,jp_term_rule,0.63,auto_candidate_unmatched,0,,auto-generated alias candidate; review before treating as confirmed translation
official-kyoto-facility-0000000324,jp-kyoto,교토,石峰寺,place,tourism_facility,石峰사,jp_term_rule,0.63,auto_candidate_unmatched,0,,auto-generated alias candidate; review before treating as confirmed translation
official-kyoto-facility-0000000297,jp-kyoto,교토,祇王寺,place,tourism_facility,祇王사,jp_term_rule,0.63,auto_candidate_unmatched,0,,auto-generated alias candidate; review before treating as confirmed translation
official-kyoto-facility-0000000062,jp-kyoto,교토,神泉苑（真言宗寺院）,place,tourism_facility,神泉苑（真言宗사院）,jp_term_rule,0.63,auto_candidate_unmatched,0,,auto-generated alias candidate; review before treating as confirmed translation
official-kyoto-facility-0000000304,jp-kyoto,교토,神護寺,place,tourism_facility,神護사,jp_term_rule,0.63,auto_candidate_unmatched,0,,auto-generated alias candidate; review before treating as confirmed translation
official-kyoto-facility-0000000486,jp-kyoto,교토,福徳寺,place,tourism_facility,福徳사,jp_term_rule,0.63,auto_candidate_unmatched,0,,auto-generated alias candidate; review before treating as confirmed translation
official-kyoto-facility-0000009722,jp-kyoto,교토,福田美術館,place,tourism_facility,福田미술관,jp_term_rule,0.63,auto_candidate_unmatched,0,,auto-generated alias candidate; review before treating as confirmed translation
official-kyoto-facility-0000006130,jp-kyoto,교토,細見美術館,place,tourism_facility,細見미술관,jp_term_rule,0.63,auto_candidate_unmatched,0,,auto-generated alias candidate; review before treating as confirmed translation
official-kyoto-facility-0000004152,jp-kyoto,교토,美術館「えき」KYOTO,place,tourism_facility,미술관「えき」KYOTO,jp_term_rule,0.63,auto_candidate_unmatched,0,,auto-generated alias candidate; review before treating as confirmed translation
official-kyoto-facility-0000000288,jp-kyoto,교토,臨川寺,place,tourism_facility,臨川사,jp_term_rule,0.63,auto_candidate_unmatched,0,,auto-generated alias candidate; review before treating as confirmed translation
official-kyoto-facility-0000009517,jp-kyoto,교토,芬陀院（雪舟寺）,place,tourism_facility,芬陀院（雪舟사）,jp_term_rule,0.63,auto_candidate_unmatched,0,,auto-generated alias candidate; review before treating as confirmed translation
official-kyoto-facility-0000007555,jp-kyoto,교토,花園大学歴史博物館,place,tourism_facility,花園大学歴史박물관,jp_term_rule,0.63,auto_candidate_unmatched,0,,auto-generated alias candidate; review before treating as confirmed translation
official-kyoto-facility-0000003619,jp-kyoto,교토,茶道資料館・今日庵文庫,place,tourism_facility,茶道자료관・今日庵文庫,jp_term_rule,0.63,auto_candidate_unmatched,0,,auto-generated alias candidate; review before treating as confirmed translation
official-kyoto-facility-0000000236,jp-kyoto,교토,蓮華寺,place,tourism_facility,蓮華사,jp_term_rule,0.63,auto_candidate_unmatched,0,,auto-generated alias candidate; review before treating as confirmed translation
official-kyoto-facility-0000000279,jp-kyoto,교토,蓮華寺,place,tourism_facility,蓮華사,jp_term_rule,0.63,auto_candidate_unmatched,0,,auto-generated alias candidate; review before treating as confirmed translation
official-kyoto-facility-0000000325,jp-kyoto,교토,藤森神社,place,tourism_facility,藤森신사,jp_term_rule,0.63,auto_candidate_unmatched,0,,auto-generated alias candidate; review before treating as confirmed translation
official-kyoto-facility-0000000284,jp-kyoto,교토,蚕の社（木嶋坐天照御魂神社）,place,tourism_facility,蚕の社（木嶋坐天照御魂신사）,jp_term_rule,0.63,auto_candidate_unmatched,0,,auto-generated alias candidate; review before treating as confirmed translation
official-kyoto-facility-0000003277,jp-kyoto,교토,西明寺,place,tourism_facility,西明사,jp_term_rule,0.63,auto_candidate_unmatched,0,,auto-generated alias candidate; review before treating as confirmed translation
official-kyoto-facility-0000009525,jp-kyoto,교토,西芳寺（苔寺）,place,tourism_facility,西芳사（苔사）,jp_term_rule,0.63,auto_candidate_unmatched,0,,auto-generated alias candidate; review before treating as confirmed translation
official-kyoto-facility-0000000314,jp-kyoto,교토,西院春日神社,place,tourism_facility,西院春日신사,jp_term_rule,0.63,auto_candidate_unmatched,0,,auto-generated alias candidate; review before treating as confirmed translation
official-kyoto-facility-0000007317,jp-kyoto,교토,西陣くらしの美術館 冨田屋,place,tourism_facility,西陣くらしの미술관 冨田屋,jp_term_rule,0.63,auto_candidate_unmatched,0,,auto-generated alias candidate; review before treating as confirmed translation
official-kyoto-facility-0000003725,jp-kyoto,교토,角屋もてなしの文化美術館,place,tourism_facility,角屋もてなしの文化미술관,jp_term_rule,0.63,auto_candidate_unmatched,0,,auto-generated alias candidate; review before treating as confirmed translation
official-kyoto-facility-0000009504,jp-kyoto,교토,詩仙堂（丈山寺）,place,tourism_facility,詩仙堂（丈山사）,jp_term_rule,0.63,auto_candidate_unmatched,0,,auto-generated alias candidate; review before treating as confirmed translation
official-kyoto-facility-0000000058,jp-kyoto,교토,護王神社,place,tourism_facility,護王신사,jp_term_rule,0.63,auto_candidate_unmatched,0,,auto-generated alias candidate; review before treating as confirmed translation
official-kyoto-facility-0000000135,jp-kyoto,교토,豊国神社,place,tourism_facility,豊国신사,jp_term_rule,0.63,auto_candidate_unmatched,0,,auto-generated alias candidate; review before treating as confirmed translation
official-kyoto-facility-0000000265,jp-kyoto,교토,貴船神社,place,tourism_facility,貴船신사,jp_term_rule,0.63,auto_candidate_unmatched,0,,auto-generated alias candidate; review before treating as confirmed translation
official-kyoto-facility-0000003470,jp-kyoto,교토,賀茂別雷神社（上賀茂神社）,place,tourism_facility,賀茂別雷신사（上賀茂신사）,jp_term_rule,0.63,auto_candidate_unmatched,0,,auto-generated alias candidate; review before treating as confirmed translation
official-kyoto-facility-0000003464,jp-kyoto,교토,賀茂御祖神社（下鴨神社）,place,tourism_facility,賀茂御祖신사（下鴨신사）,jp_term_rule,0.63,auto_candidate_unmatched,0,,auto-generated alias candidate; review before treating as confirmed translation
official-kyoto-facility-0000000285,jp-kyoto,교토,車折神社,place,tourism_facility,車折신사,jp_term_rule,0.63,auto_candidate_unmatched,0,,auto-generated alias candidate; review before treating as confirmed translation
official-kyoto-facility-0000003589,jp-kyoto,교토,近藤悠三記念館 柳水（1階）、念々洞（2階）,place,tourism_facility,近藤悠三기념館 柳水（1階）、念々洞（2階）,jp_term_rule,0.63,auto_candidate_unmatched,0,,auto-generated alias candidate; review before treating as confirmed translation
official-kyoto-facility-0000003463,jp-kyoto,교토,醍醐寺,place,tourism_facility,醍醐사,jp_term_rule,0.63,auto_candidate_unmatched,0,,auto-generated alias candidate; review before treating as confirmed translation
official-kyoto-facility-0000008172,jp-kyoto,교토,重森三玲邸庭園美術館,place,tourism_facility,重森三玲邸정원미술관,jp_term_rule,0.71,auto_candidate_unmatched,0,,auto-generated alias candidate; review before treating as confirmed translation
official-kyoto-facility-0000000293,jp-kyoto,교토,野宮神社,place,tourism_facility,野宮신사,jp_term_rule,0.63,auto_candidate_unmatched,0,,auto-generated alias candidate; review before treating as confirmed translation
official-kyoto-facility-0000003634,jp-kyoto,교토,野村美術館,place,tourism_facility,野村미술관,jp_term_rule,0.63,auto_candidate_unmatched,0,,auto-generated alias candidate; review before treating as confirmed translation
official-kyoto-facility-0000000186,jp-kyoto,교토,金戒光明寺,place,tourism_facility,金戒光明사,jp_term_rule,0.63,auto_candidate_unmatched,0,,auto-generated alias candidate; review before treating as confirmed translation
official-kyoto-facility-0000000212,jp-kyoto,교토,金福寺,place,tourism_facility,金福사,jp_term_rule,0.63,auto_candidate_unmatched,0,,auto-generated alias candidate; review before treating as confirmed translation
official-kyoto-facility-0000000319,jp-kyoto,교토,金蔵寺,place,tourism_facility,金蔵사,jp_term_rule,0.63,auto_candidate_unmatched,0,,auto-generated alias candidate; review before treating as confirmed translation
official-kyoto-facility-0000000075,jp-kyoto,교토,釘抜地蔵（石像寺）,place,tourism_facility,釘抜地蔵（石像사）,jp_term_rule,0.63,auto_candidate_unmatched,0,,auto-generated alias candidate; review before treating as confirmed translation
official-kyoto-facility-0000000309,jp-kyoto,교토,鈴虫寺（華厳寺）,place,tourism_facility,鈴虫사（華厳사）,jp_term_rule,0.63,auto_candidate_unmatched,0,,auto-generated alias candidate; review before treating as confirmed translation
official-kyoto-facility-0000000107,jp-kyoto,교토,長楽寺,place,tourism_facility,長楽사,jp_term_rule,0.63,auto_candidate_unmatched,0,,auto-generated alias candidate; review before treating as confirmed translation
official-kyoto-facility-0000003193,jp-kyoto,교토,阿弥陀寺（古知谷）,place,tourism_facility,阿弥陀사（古知谷）,jp_term_rule,0.63,auto_candidate_unmatched,0,,auto-generated alias candidate; review before treating as confirmed translation
official-kyoto-facility-0000003728,jp-kyoto,교토,青山音楽記念館（バロックザール）,place,tourism_facility,青山音楽기념館（バロックザール）,jp_term_rule,0.63,auto_candidate_unmatched,0,,auto-generated alias candidate; review before treating as confirmed translation
official-kyoto-facility-0000009499,jp-kyoto,교토,鞍馬寺,place,tourism_facility,鞍馬사,jp_term_rule,0.63,auto_candidate_unmatched,0,,auto-generated alias candidate; review before treating as confirmed translation
official-kyoto-facility-0000003668,jp-kyoto,교토,風俗博物館,place,tourism_facility,風俗박물관,jp_term_rule,0.63,auto_candidate_unmatched,0,,auto-generated alias candidate; review before treating as confirmed translation
official-kyoto-facility-0000000109,jp-kyoto,교토,高台寺,place,tourism_facility,高台사,jp_term_rule,0.63,auto_candidate_unmatched,0,,auto-generated alias candidate; review before treating as confirmed translation
official-kyoto-facility-0000006129,jp-kyoto,교토,高台寺「掌美術館」,place,tourism_facility,高台사「掌미술관」,jp_term_rule,0.71,auto_candidate_unmatched,0,,auto-generated alias candidate; review before treating as confirmed translation
official-kyoto-facility-0000003466,jp-kyoto,교토,高山寺,place,tourism_facility,高山사,jp_term_rule,0.63,auto_candidate_unmatched,0,,auto-generated alias candidate; review before treating as confirmed translation
official-kyoto-facility-0000003561,jp-kyoto,교토,高麗美術館,place,tourism_facility,高麗미술관,jp_term_rule,0.63,auto_candidate_unmatched,0,,auto-generated alias candidate; review before treating as confirmed translation
official-kyoto-facility-0000003468,jp-kyoto,교토,鹿苑寺（金閣寺）,place,tourism_facility,로쿠온지（금각사）,jp_term_rule,0.71,auto_candidate_unmatched,0,,auto-generated alias candidate; review before treating as confirmed translation
official-kyoto-facility-0000000022,jp-kyoto,교토,黄桜記念館（お酒の資料館）・河童資料館,place,tourism_facility,黄桜기념館（お酒の자료관）・河童자료관,jp_term_rule,0.71,auto_candidate_unmatched,0,,auto-generated alias candidate; review before treating as confirmed translation
official-kyoto-facility-0000003455,jp-kyoto,교토,龍安寺,place,tourism_facility,龍安사,jp_term_rule,0.63,auto_candidate_unmatched,0,,auto-generated alias candidate; review before treating as confirmed translation
official-fukuoka-guide-27021,jp-fukuoka,후쿠오카,'【パブリックアート】天神西交差点広場／平和の門ほか,place,tourism_facility,'【パブリックアート】天神西交差点広場／평화の門ほか,jp_term_rule,0.63,auto_candidate_unmatched,0,,auto-generated alias candidate; review before treating as confirmed translation
official-fukuoka-guide-27026,jp-fukuoka,후쿠오카,アイランドシティ中央公園,place,tourism_facility,アイランドシティ中央공원,jp_term_rule,0.63,auto_candidate_unmatched,0,,auto-generated alias candidate; review before treating as confirmed translation
official-fukuoka-guide-26820,jp-fukuoka,후쿠오카,アクロス福岡,place,tourism_facility,アクロス후쿠오카,jp_term_rule,0.63,auto_candidate_unmatched,0,,auto-generated alias candidate; review before treating as confirmed translation
official-fukuoka-guide-27128,jp-fukuoka,후쿠오카,シーサイドももち海浜公園,place,tourism_facility,シーサイドももち海浜공원,jp_term_rule,0.63,auto_candidate_unmatched,0,,auto-generated alias candidate; review before treating as confirmed translation
official-fukuoka-guide-26920,jp-fukuoka,후쿠오카,住吉神社,place,tourism_facility,住吉신사,jp_term_rule,0.63,auto_candidate_unmatched,0,,auto-generated alias candidate; review before treating as confirmed translation
official-fukuoka-guide-119808,jp-fukuoka,후쿠오카,出来町公園,place,tourism_facility,出来町공원,jp_term_rule,0.63,auto_candidate_unmatched,0,,auto-generated alias candidate; review before treating as confirmed translation
official-fukuoka-guide-27134,jp-fukuoka,후쿠오카,十日恵比須神社,place,tourism_facility,十日恵比須신사,jp_term_rule,0.63,auto_candidate_unmatched,0,,auto-generated alias candidate; review before treating as confirmed translation
official-fukuoka-guide-27014,jp-fukuoka,후쿠오카,博多ポートタワー,place,tourism_facility,博多ポート타워,jp_term_rule,0.63,auto_candidate_unmatched,0,,auto-generated alias candidate; review before treating as confirmed translation
official-fukuoka-guide-26829,jp-fukuoka,후쿠오카,友泉亭公園,place,tourism_facility,友泉亭공원,jp_term_rule,0.63,auto_candidate_unmatched,0,,auto-generated alias candidate; review before treating as confirmed translation
official-fukuoka-guide-27038,jp-fukuoka,후쿠오카,善導寺,place,tourism_facility,善導사,jp_term_rule,0.63,auto_candidate_unmatched,0,,auto-generated alias candidate; review before treating as confirmed translation
official-fukuoka-guide-27002,jp-fukuoka,후쿠오카,大原海水浴場,place,tourism_facility,오하라海水浴場,jp_term_rule,0.63,auto_candidate_unmatched,0,,auto-generated alias candidate; review before treating as confirmed translation
official-fukuoka-guide-26825,jp-fukuoka,후쿠오카,大濠公園,place,tourism_facility,大濠공원,jp_term_rule,0.63,auto_candidate_unmatched,0,,auto-generated alias candidate; review before treating as confirmed translation
official-fukuoka-guide-26983,jp-fukuoka,후쿠오카,大濠公園日本庭園,place,tourism_facility,大濠공원日本정원,jp_term_rule,0.71,auto_candidate_unmatched,0,,auto-generated alias candidate; review before treating as confirmed translation
official-fukuoka-guide-26992,jp-fukuoka,후쿠오카,大濠公園能楽堂,place,tourism_facility,大濠공원能楽堂,jp_term_rule,0.63,auto_candidate_unmatched,0,,auto-generated alias candidate; review before treating as confirmed translation
official-fukuoka-guide-26957,jp-fukuoka,후쿠오카,天神中央公園,place,tourism_facility,天神中央공원,jp_term_rule,0.63,auto_candidate_unmatched,0,,auto-generated alias candidate; review before treating as confirmed translation
official-fukuoka-guide-26932,jp-fukuoka,후쿠오카,妙典寺,place,tourism_facility,妙典사,jp_term_rule,0.63,auto_candidate_unmatched,0,,auto-generated alias candidate; review before treating as confirmed translation
official-fukuoka-guide-26934,jp-fukuoka,후쿠오카,妙楽寺,place,tourism_facility,妙楽사,jp_term_rule,0.63,auto_candidate_unmatched,0,,auto-generated alias candidate; review before treating as confirmed translation
official-fukuoka-guide-26958,jp-fukuoka,후쿠오카,小戸公園,place,tourism_facility,小戸공원,jp_term_rule,0.63,auto_candidate_unmatched,0,,auto-generated alias candidate; review before treating as confirmed translation
official-fukuoka-guide-26923,jp-fukuoka,후쿠오카,崇福寺,place,tourism_facility,崇福사,jp_term_rule,0.63,auto_candidate_unmatched,0,,auto-generated alias candidate; review before treating as confirmed translation
official-fukuoka-guide-26911,jp-fukuoka,후쿠오카,志賀海神社,place,tourism_facility,志賀海신사,jp_term_rule,0.63,auto_candidate_unmatched,0,,auto-generated alias candidate; review before treating as confirmed translation
official-fukuoka-guide-26899,jp-fukuoka,후쿠오카,愛宕神社（あたごじんじゃ）,place,tourism_facility,愛宕신사（あたごじんじゃ）,jp_term_rule,0.63,auto_candidate_unmatched,0,,auto-generated alias candidate; review before treating as confirmed translation
official-fukuoka-guide-26915,jp-fukuoka,후쿠오카,承天寺,place,tourism_facility,承天사,jp_term_rule,0.63,auto_candidate_unmatched,0,,auto-generated alias candidate; review before treating as confirmed translation
official-fukuoka-guide-26828,jp-fukuoka,후쿠오카,東公園,place,tourism_facility,東공원,jp_term_rule,0.63,auto_candidate_unmatched,0,,auto-generated alias candidate; review before treating as confirmed translation
official-fukuoka-guide-26928,jp-fukuoka,후쿠오카,東長寺,place,tourism_facility,東長사,jp_term_rule,0.63,auto_candidate_unmatched,0,,auto-generated alias candidate; review before treating as confirmed translation
official-fukuoka-guide-26906,jp-fukuoka,후쿠오카,櫛田神社,place,tourism_facility,櫛田신사,jp_term_rule,0.63,auto_candidate_unmatched,0,,auto-generated alias candidate; review before treating as confirmed translation
official-fukuoka-guide-26949,jp-fukuoka,후쿠오카,水鏡天満宮,place,tourism_facility,水鏡텐만구,jp_term_rule,0.63,auto_candidate_unmatched,0,,auto-generated alias candidate; review before treating as confirmed translation
official-fukuoka-guide-26799,jp-fukuoka,후쿠오카,海の中道海浜公園,place,tourism_facility,海の中道海浜공원,jp_term_rule,0.63,auto_candidate_unmatched,0,,auto-generated alias candidate; review before treating as confirmed translation
official-fukuoka-guide-26918,jp-fukuoka,후쿠오카,白鬚神社,place,tourism_facility,白鬚신사,jp_term_rule,0.63,auto_candidate_unmatched,0,,auto-generated alias candidate; review before treating as confirmed translation
official-fukuoka-guide-235901,jp-fukuoka,후쿠오카,福岡おもちゃ美術館,place,tourism_facility,후쿠오카おもちゃ미술관,jp_term_rule,0.71,auto_candidate_unmatched,0,,auto-generated alias candidate; review before treating as confirmed translation
official-fukuoka-guide-26794,jp-fukuoka,후쿠오카,福岡アジア美術館,place,tourism_facility,후쿠오카アジア미술관,jp_term_rule,0.71,auto_candidate_unmatched,0,,auto-generated alias candidate; review before treating as confirmed translation
official-fukuoka-guide-26898,jp-fukuoka,후쿠오카,福岡城跡,place,tourism_facility,후쿠오카성跡,jp_term_rule,0.71,auto_candidate_unmatched,0,,auto-generated alias candidate; review before treating as confirmed translation
official-fukuoka-guide-26802,jp-fukuoka,후쿠오카,福岡市動植物園,place,tourism_facility,후쿠오카市動植物園,jp_term_rule,0.63,auto_candidate_unmatched,0,,auto-generated alias candidate; review before treating as confirmed translation
official-fukuoka-guide-26814,jp-fukuoka,후쿠오카,福岡市博物館,place,tourism_facility,후쿠오카市박물관,jp_term_rule,0.71,auto_candidate_unmatched,0,,auto-generated alias candidate; review before treating as confirmed translation
official-fukuoka-guide-26975,jp-fukuoka,후쿠오카,福岡市民防災センター,place,tourism_facility,후쿠오카市民防災センター,jp_term_rule,0.63,auto_candidate_unmatched,0,,auto-generated alias candidate; review before treating as confirmed translation
official-fukuoka-guide-26815,jp-fukuoka,후쿠오카,福岡市美術館,place,tourism_facility,후쿠오카市미술관,jp_term_rule,0.71,auto_candidate_unmatched,0,,auto-generated alias candidate; review before treating as confirmed translation
official-fukuoka-guide-26950,jp-fukuoka,후쿠오카,福岡市赤煉瓦文化館,place,tourism_facility,후쿠오카市赤煉瓦文化館,jp_term_rule,0.63,auto_candidate_unmatched,0,,auto-generated alias candidate; review before treating as confirmed translation
official-fukuoka-guide-26821,jp-fukuoka,후쿠오카,福岡県立美術館,place,tourism_facility,후쿠오카현립미술관,jp_term_rule,0.71,auto_candidate_unmatched,0,,auto-generated alias candidate; review before treating as confirmed translation
official-fukuoka-guide-26943,jp-fukuoka,후쿠오카,福岡県護国神社,place,tourism_facility,후쿠오카県護国신사,jp_term_rule,0.71,auto_candidate_unmatched,0,,auto-generated alias candidate; review before treating as confirmed translation
official-fukuoka-guide-27020,jp-fukuoka,후쿠오카,福岡銀行本店,place,tourism_facility,후쿠오카銀行本店,jp_term_rule,0.63,auto_candidate_unmatched,0,,auto-generated alias candidate; review before treating as confirmed translation
official-fukuoka-guide-26916,jp-fukuoka,후쿠오카,聖福寺,place,tourism_facility,聖福사,jp_term_rule,0.63,auto_candidate_unmatched,0,,auto-generated alias candidate; review before treating as confirmed translation
official-fukuoka-guide-76960,jp-fukuoka,후쿠오카,荘厳寺,place,tourism_facility,荘厳사,jp_term_rule,0.63,auto_candidate_unmatched,0,,auto-generated alias candidate; review before treating as confirmed translation
official-fukuoka-guide-26827,jp-fukuoka,후쿠오카,西公園,place,tourism_facility,西공원,jp_term_rule,0.63,auto_candidate_unmatched,0,,auto-generated alias candidate; review before treating as confirmed translation
official-fukuoka-guide-26826,jp-fukuoka,후쿠오카,金印公園,place,tourism_facility,金印공원,jp_term_rule,0.63,auto_candidate_unmatched,0,,auto-generated alias candidate; review before treating as confirmed translation
official-fukuoka-guide-26937,jp-fukuoka,후쿠오카,龍宮寺,place,tourism_facility,龍宮사,jp_term_rule,0.63,auto_candidate_unmatched,0,,auto-generated alias candidate; review before treating as confirmed translation
official-hiroshima-facility-13,jp-hiroshima,히로시마,5-Daysこども文化科学館（プラネタリウム）,place,tourism_facility,5-Days 어린이문화과학관 플라네타리움,curated_ko_name,0.95,auto_candidate_unmatched,0,,auto-generated alias candidate; review before treating as confirmed translation
official-hiroshima-facility-12,jp-hiroshima,히로시마,ひろしま美術館,place,tourism_facility,히로시마미술관,curated_ko_name,0.95,auto_candidate_unmatched,0,,auto-generated alias candidate; review before treating as confirmed translation
official-hiroshima-facility-3,jp-hiroshima,히로시마,ひろしま遊学の森 広島市森林公園（こんちゅう館）,place,tourism_facility,히로시마 유학의 숲 히로시마 삼림공원 곤충관,ko_short_form_rule,0.90,auto_candidate_unmatched,0,,auto-generated alias candidate; review before treating as confirmed translation
official-hiroshima-facility-3,jp-hiroshima,히로시마,ひろしま遊学の森 広島市森林公園（こんちゅう館）,place,tourism_facility,히로시마 유학의 숲 히로시마시 삼림공원 곤충관,curated_ko_name,0.95,auto_candidate_unmatched,0,,auto-generated alias candidate; review before treating as confirmed translation
official-hiroshima-facility-3,jp-hiroshima,히로시마,ひろしま遊学の森 広島市森林公園（こんちゅう館）,place,tourism_facility,히로시마遊学の森 히로시마市삼림공원（こんちゅう館）,jp_term_rule,0.79,auto_candidate_unmatched,0,,auto-generated alias candidate; review before treating as confirmed translation
official-hiroshima-facility-2,jp-hiroshima,히로시마,ひろしま遊学の森 広島県緑化センター,place,tourism_facility,히로시마 유학의 숲 히로시마현 녹화센터,curated_ko_name,0.95,auto_candidate_unmatched,0,,auto-generated alias candidate; review before treating as confirmed translation
official-hiroshima-facility-2,jp-hiroshima,히로시마,ひろしま遊学の森 広島県緑化センター,place,tourism_facility,히로시마遊学の森 히로시마県녹화센터,jp_term_rule,0.79,auto_candidate_unmatched,0,,auto-generated alias candidate; review before treating as confirmed translation
official-hiroshima-facility-26,jp-hiroshima,히로시마,ヌマジ交通ミュージアム（広島市交通科学館）,place,tourism_facility,누마지 교통뮤지엄 히로시마 교통과학관,ko_short_form_rule,0.90,auto_candidate_unmatched,0,,auto-generated alias candidate; review before treating as confirmed translation
official-hiroshima-facility-26,jp-hiroshima,히로시마,ヌマジ交通ミュージアム（広島市交通科学館）,place,tourism_facility,누마지 교통뮤지엄 히로시마시 교통과학관,curated_ko_name,0.95,auto_candidate_unmatched,0,,auto-generated alias candidate; review before treating as confirmed translation
official-hiroshima-facility-26,jp-hiroshima,히로시마,ヌマジ交通ミュージアム（広島市交通科学館）,place,tourism_facility,누마지교통뮤지엄（히로시마市교통과학관）,jp_term_rule,0.87,auto_candidate_unmatched,0,,auto-generated alias candidate; review before treating as confirmed translation
official-hiroshima-facility-16,jp-hiroshima,히로시마,国立広島原爆死没者追悼平和祈念館,place,tourism_facility,国立히로시마원폭사망자추도평화기념관,jp_term_rule,0.71,auto_candidate_unmatched,0,,auto-generated alias candidate; review before treating as confirmed translation
official-hiroshima-facility-16,jp-hiroshima,히로시마,国立広島原爆死没者追悼平和祈念館,place,tourism_facility,국립히로시마원폭사망자추도평화기념관,curated_ko_name,0.95,auto_candidate_unmatched,0,,auto-generated alias candidate; review before treating as confirmed translation
official-hiroshima-facility-25,jp-hiroshima,히로시마,広島大学医学部医学資料館,place,tourism_facility,히로시마大学医学部의학자료관,jp_term_rule,0.71,auto_candidate_unmatched,0,,auto-generated alias candidate; review before treating as confirmed translation
official-hiroshima-facility-25,jp-hiroshima,히로시마,広島大学医学部医学資料館,place,tourism_facility,히로시마대학 의학부 의학자료관,curated_ko_name,0.95,auto_candidate_unmatched,0,,auto-generated alias candidate; review before treating as confirmed translation
official-hiroshima-facility-28,jp-hiroshima,히로시마,広島市まんが図書館,place,tourism_facility,히로시마 만화도서관,ko_short_form_rule,0.90,auto_candidate_unmatched,0,,auto-generated alias candidate; review before treating as confirmed translation
official-hiroshima-facility-28,jp-hiroshima,히로시마,広島市まんが図書館,place,tourism_facility,히로시마市만화도서관,jp_term_rule,0.71,auto_candidate_unmatched,0,,auto-generated alias candidate; review before treating as confirmed translation
official-hiroshima-facility-28,jp-hiroshima,히로시마,広島市まんが図書館,place,tourism_facility,히로시마시 만화도서관,curated_ko_name,0.95,auto_candidate_unmatched,0,,auto-generated alias candidate; review before treating as confirmed translation
official-hiroshima-facility-20,jp-hiroshima,히로시마,広島市健康づくりセンター健康科学館,place,tourism_facility,히로시마 건강과학관,ko_short_form_rule,0.90,auto_candidate_unmatched,0,,auto-generated alias candidate; review before treating as confirmed translation
official-hiroshima-facility-20,jp-hiroshima,히로시마,広島市健康づくりセンター健康科学館,place,tourism_facility,히로시마市건강과학관,jp_term_rule,0.71,auto_candidate_unmatched,0,,auto-generated alias candidate; review before treating as confirmed translation
official-hiroshima-facility-20,jp-hiroshima,히로시마,広島市健康づくりセンター健康科学館,place,tourism_facility,히로시마시 건강과학관,curated_ko_name,0.95,auto_candidate_unmatched,0,,auto-generated alias candidate; review before treating as confirmed translation
official-hiroshima-facility-7,jp-hiroshima,히로시마,広島市安佐動物公園,place,tourism_facility,히로시마 아사동물공원,ko_short_form_rule,0.90,auto_candidate_unmatched,0,,auto-generated alias candidate; review before treating as confirmed translation
official-hiroshima-facility-7,jp-hiroshima,히로시마,広島市安佐動物公園,place,tourism_facility,히로시마市아사동물공원,jp_term_rule,0.71,auto_candidate_unmatched,0,,auto-generated alias candidate; review before treating as confirmed translation
official-hiroshima-facility-7,jp-hiroshima,히로시마,広島市安佐動物公園,place,tourism_facility,히로시마시 아사동물공원,curated_ko_name,0.95,auto_candidate_unmatched,0,,auto-generated alias candidate; review before treating as confirmed translation
official-hiroshima-facility-11,jp-hiroshima,히로시마,広島市映像文化ライブラリー,place,tourism_facility,히로시마 영상문화라이브러리,ko_short_form_rule,0.90,auto_candidate_unmatched,0,,auto-generated alias candidate; review before treating as confirmed translation
official-hiroshima-facility-11,jp-hiroshima,히로시마,広島市映像文化ライブラリー,place,tourism_facility,히로시마市영상문화라이브러리,jp_term_rule,0.71,auto_candidate_unmatched,0,,auto-generated alias candidate; review before treating as confirmed translation
official-hiroshima-facility-11,jp-hiroshima,히로시마,広島市映像文化ライブラリー,place,tourism_facility,히로시마시 영상문화라이브러리,curated_ko_name,0.95,auto_candidate_unmatched,0,,auto-generated alias candidate; review before treating as confirmed translation
official-hiroshima-facility-9,jp-hiroshima,히로시마,広島市植物公園,place,tourism_facility,히로시마 식물공원,ko_short_form_rule,0.90,auto_candidate_unmatched,0,,auto-generated alias candidate; review before treating as confirmed translation
official-hiroshima-facility-9,jp-hiroshima,히로시마,広島市植物公園,place,tourism_facility,히로시마市식물공원,jp_term_rule,0.71,auto_candidate_unmatched,0,,auto-generated alias candidate; review before treating as confirmed translation
official-hiroshima-facility-9,jp-hiroshima,히로시마,広島市植物公園,place,tourism_facility,히로시마시 식물공원,curated_ko_name,0.95,auto_candidate_unmatched,0,,auto-generated alias candidate; review before treating as confirmed translation
official-hiroshima-facility-30,jp-hiroshima,히로시마,広島市水産振興センター(魚と漁業の資料展示室),place,tourism_facility,히로시마 수산진흥센터 물고기와 어업 자료전시실,ko_short_form_rule,0.90,auto_candidate_unmatched,0,,auto-generated alias candidate; review before treating as confirmed translation
official-hiroshima-facility-30,jp-hiroshima,히로시마,広島市水産振興センター(魚と漁業の資料展示室),place,tourism_facility,히로시마市수산진흥센터(魚と漁業の資料展示室),jp_term_rule,0.71,auto_candidate_unmatched,0,,auto-generated alias candidate; review before treating as confirmed translation
official-hiroshima-facility-30,jp-hiroshima,히로시마,広島市水産振興センター(魚と漁業の資料展示室),place,tourism_facility,히로시마시 수산진흥센터 물고기와 어업 자료전시실,curated_ko_name,0.95,auto_candidate_unmatched,0,,auto-generated alias candidate; review before treating as confirmed translation
official-hiroshima-facility-31,jp-hiroshima,히로시마,広島市水道資料館,place,tourism_facility,히로시마 수도자료관,ko_short_form_rule,0.90,auto_candidate_unmatched,0,,auto-generated alias candidate; review before treating as confirmed translation
official-hiroshima-facility-31,jp-hiroshima,히로시마,広島市水道資料館,place,tourism_facility,히로시마市수도자료관,jp_term_rule,0.71,auto_candidate_unmatched,0,,auto-generated alias candidate; review before treating as confirmed translation
official-hiroshima-facility-31,jp-hiroshima,히로시마,広島市水道資料館,place,tourism_facility,히로시마시 수도자료관,curated_ko_name,0.95,auto_candidate_unmatched,0,,auto-generated alias candidate; review before treating as confirmed translation
official-hiroshima-facility-21,jp-hiroshima,히로시마,広島市江波山気象館,place,tourism_facility,히로시마 에바야마기상관,ko_short_form_rule,0.90,auto_candidate_unmatched,0,,auto-generated alias candidate; review before treating as confirmed translation
official-hiroshima-facility-21,jp-hiroshima,히로시마,広島市江波山気象館,place,tourism_facility,히로시마市에바야마기상관,jp_term_rule,0.71,auto_candidate_unmatched,0,,auto-generated alias candidate; review before treating as confirmed translation
official-hiroshima-facility-21,jp-hiroshima,히로시마,広島市江波山気象館,place,tourism_facility,히로시마시 에바야마기상관,curated_ko_name,0.95,auto_candidate_unmatched,0,,auto-generated alias candidate; review before treating as confirmed translation
official-hiroshima-facility-23,jp-hiroshima,히로시마,広島市現代美術館,place,tourism_facility,히로시마 현대미술관,ko_short_form_rule,0.90,auto_candidate_unmatched,0,,auto-generated alias candidate; review before treating as confirmed translation
official-hiroshima-facility-23,jp-hiroshima,히로시마,広島市現代美術館,place,tourism_facility,히로시마市現代미술관,jp_term_rule,0.71,auto_candidate_unmatched,0,,auto-generated alias candidate; review before treating as confirmed translation
official-hiroshima-facility-23,jp-hiroshima,히로시마,広島市現代美術館,place,tourism_facility,히로시마시 현대미술관,curated_ko_name,0.95,auto_candidate_unmatched,0,,auto-generated alias candidate; review before treating as confirmed translation
official-hiroshima-facility-24,jp-hiroshima,히로시마,広島市郷土資料館,place,tourism_facility,히로시마 향토자료관,ko_short_form_rule,0.90,auto_candidate_unmatched,0,,auto-generated alias candidate; review before treating as confirmed translation
official-hiroshima-facility-24,jp-hiroshima,히로시마,広島市郷土資料館,place,tourism_facility,히로시마市향토자료관,jp_term_rule,0.71,auto_candidate_unmatched,0,,auto-generated alias candidate; review before treating as confirmed translation
official-hiroshima-facility-24,jp-hiroshima,히로시마,広島市郷土資料館,place,tourism_facility,히로시마시 향토자료관,curated_ko_name,0.95,auto_candidate_unmatched,0,,auto-generated alias candidate; review before treating as confirmed translation
official-hiroshima-facility-15,jp-hiroshima,히로시마,広島平和記念資料館,place,tourism_facility,히로시마평화기념자료관,curated_ko_name,0.95,auto_candidate_unmatched,0,,auto-generated alias candidate; review before treating as confirmed translation
official-hiroshima-facility-10,jp-hiroshima,히로시마,広島県立美術館,place,tourism_facility,히로시마현립미술관,curated_ko_name,0.95,auto_candidate_unmatched,0,,auto-generated alias candidate; review before treating as confirmed translation
official-hiroshima-facility-18,jp-hiroshima,히로시마,本川小学校平和資料館,place,tourism_facility,혼카와초등학교평화자료관,curated_ko_name,0.95,auto_candidate_unmatched,0,,auto-generated alias candidate; review before treating as confirmed translation
official-hiroshima-facility-27,jp-hiroshima,히로시마,泉美術館,place,tourism_facility,泉미술관,jp_term_rule,0.63,auto_candidate_unmatched,0,,auto-generated alias candidate; review before treating as confirmed translation
official-hiroshima-facility-27,jp-hiroshima,히로시마,泉美術館,place,tourism_facility,이즈미미술관,curated_ko_name,0.95,auto_candidate_unmatched,0,,auto-generated alias candidate; review before treating as confirmed translation
official-hiroshima-facility-5,jp-hiroshima,히로시마,渝華園(中国庭園),place,tourism_facility,유화원 중국정원,curated_ko_name,0.95,auto_candidate_unmatched,0,,auto-generated alias candidate; review before treating as confirmed translation
official-hiroshima-facility-1,jp-hiroshima,히로시마,縮景園,place,tourism_facility,슛케이엔,curated_ko_name,0.95,auto_candidate_unmatched,0,,auto-generated alias candidate; review before treating as confirmed translation
official-hiroshima-facility-8,jp-hiroshima,히로시마,花みどり公園,place,tourism_facility,하나미도리공원,curated_ko_name,0.95,auto_candidate_unmatched,0,,auto-generated alias candidate; review before treating as confirmed translation
official-hiroshima-facility-19,jp-hiroshima,히로시마,袋町小学校平和資料館,place,tourism_facility,후쿠로마치초등학교평화자료관,curated_ko_name,0.95,auto_candidate_unmatched,0,,auto-generated alias candidate; review before treating as confirmed translation
official-hiroshima-facility-22,jp-hiroshima,히로시마,頼山陽史跡資料館,place,tourism_facility,라이산요사적자료관,curated_ko_name,0.95,auto_candidate_unmatched,0,,auto-generated alias candidate; review before treating as confirmed translation
