product_id,city_queries,product_title,product_url,detail_status,section_count,positive_section_count,negative_section_count,neutral_section_count
3417851,후쿠오카,[인디고트래블] 후쿠오카 유후인 벳부 히타 다자이후 버스투어 #제휴혜택까지,https://experiences.myrealtrip.com/products/3417851,ok_cached,9,6,2,1
3153599,후쿠오카,[🎁모찌증정&입장료포함] 매일출발 후쿠오카버스투어 다자이후 유후인 벳푸 투어 (라쿠투어),https://experiences.myrealtrip.com/products/3153599,ok_cached,9,3,2,4
4634494,후쿠오카,[🦁벳푸 아프리칸 사파리 입장료포함] 후쿠오카 유후인 벳부 일일 소소버스투어,https://experiences.myrealtrip.com/products/4634494,ok_cached,9,3,2,4
3153607,후쿠오카,"[💓히타오픈💓] ""히타+유후인+유후다케+벳푸"" 후쿠오카 버스투어 일일투어 (라쿠투어)",https://experiences.myrealtrip.com/products/3153607,ok,9,3,2,4
3517328,후쿠오카,"[후쿠오카 버스투어] 100프로 확정 다자이후,유후인,벳부 차량내 무료 Wi-Fi 가능",https://experiences.myrealtrip.com/products/3517328,ok,9,3,2,4
3411996,후쿠오카,[💝명물간식 유후인 승차/하차] 후쿠오카 유후인 벳부 히타 일일 당일 소소버스투어,https://experiences.myrealtrip.com/products/3411996,ok,9,3,2,4
3154174,후쿠오카,[유후인 벳부 다자이후] 후쿠오카 1일 버스투어 간식 입장료 포함 9가지 특전 유투어버스,https://experiences.myrealtrip.com/products/3154174,ok,9,6,2,1
4521749,후쿠오카,[1명부터출발확정] 후쿠오카 이토시마 반나절 하프데이 버스투어 대형버스 한국인가이드,https://experiences.myrealtrip.com/products/4521749,ok,9,3,2,4
3134314,후쿠오카,"[여행 한 그릇] 사진촬영 혜택, 후쿠오카,다자이후,유후인,유후다케,벳푸 가마도 버스 투어",https://experiences.myrealtrip.com/products/3134314,ok,9,3,2,4
3885989,후쿠오카,가족과 함께 하는 일본 여행 아프리칸 사파리 돌고래 수족관 하모니랜드 유후인 마메다마치,https://experiences.myrealtrip.com/products/3885989,ok,9,3,2,4
3426551,후쿠오카,[입장권포함] 유후인 벳부 다자이후 후쿠오카 일일버스투어 유후다케 와쿠와쿠1호선 충전USB,https://experiences.myrealtrip.com/products/3426551,ok,9,3,2,4
3887611,후쿠오카,규슈 자연 동물 공원 + 긴린 호수 + 벳푸 지옥 일일 투어(한국어 가이드),https://experiences.myrealtrip.com/products/3887611,ok,9,3,2,4
3887607,후쿠오카,"구마모토 아소나카다케 분화구+구사센리+구마모토성/구로카와온천 일일 투어,한국어 가이드",https://experiences.myrealtrip.com/products/3887607,ok,9,3,2,4
3509083,후쿠오카,"[키즈 프라이빗 투어] 후쿠오카로 가는 아프리칸 사파리! 하카타 출발, 벳푸 원데이트립",https://experiences.myrealtrip.com/products/3509083,ok,9,3,2,4
3519224,후쿠오카,"[특전 5가지, 유후인 하차가능, 매일확정] 유유버스투어 히벳유 히타 벳부 유후인 일일버스",https://experiences.myrealtrip.com/products/3519224,ok,9,3,2,4
4973348,후쿠오카,[월/금/일 Ι 후쿠오카출발] 구마모토 쿠사센리 화산 타카치호협곡 쿠로카와온천 일일버스투어,https://experiences.myrealtrip.com/products/4973348,ok,9,3,2,4
3556125,후쿠오카,[히타 유후인 삿포로맥주공장] 후쿠오카 1일 버스투어 유투어버스,https://experiences.myrealtrip.com/products/3556125,ok,9,3,2,4
3885293,후쿠오카,[프라이빗/후쿠오카 출발 ] 유후인+ 벳푸 관광지 로컬 /세미스냅/vip맞춤투어코스설계,https://experiences.myrealtrip.com/products/3885293,ok,9,3,2,4
4209576,후쿠오카,[프라이빗] 사파리 유후인 벳부 히타 우리끼리 떠나는 맞춤투어 [ 추가요금 NO ! ],https://experiences.myrealtrip.com/products/4209576,ok,9,3,2,4
3154183,후쿠오카,[유후인 벳부] 후쿠오카 1일버스투어 가마도지옥입장권 간식포함 유투어버스,https://experiences.myrealtrip.com/products/3154183,ok,9,3,2,4
4230582,후쿠오카,[후쿠오카 사파리투어 플러스 프리미엄차량 36인승] 유후인 벳푸 아프리칸사파리 후쿠오카여행,https://experiences.myrealtrip.com/products/4230582,ok,9,3,2,4
3511660,후쿠오카,"맞춤식 후쿠오카,유후인,벳부 프라이빗 차량 현지가이드 투어(닛산 프리미엄 밴)",https://experiences.myrealtrip.com/products/3511660,ok,9,6,2,1
4733587,후쿠오카,후쿠오카 키즈 프라이빗투어｜카시트제공·사파리·하모니랜드·유후인·벳푸 수족관,https://experiences.myrealtrip.com/products/4733587,ok,9,3,2,4
3509073,후쿠오카,[벳부/유후인/히타/후쿠오카] 프라이빗 1일 투어 (맞춤형 코스 구성),https://experiences.myrealtrip.com/products/3509073,ok,9,3,2,4
4472541,후쿠오카,[화산 신비] 구마모토 아소화산·초천리·구로카와온천 1일 투어 （후쿠오카 출발）,https://experiences.myrealtrip.com/products/4472541,ok,9,6,2,1
3936156,후쿠오카,"구마모토 아소 나카다케 분화구 + 구센리+구로카와온천 일일 투어,한국어 가이드",https://experiences.myrealtrip.com/products/3936156,ok,9,3,2,4
3822239,후쿠오카,[충전 USB] 가라토시장 모지코 고쿠라성 후쿠오카 버스투어 와쿠와쿠 기타큐슈선,https://experiences.myrealtrip.com/products/3822239,ok,9,3,2,4
3154185,후쿠오카,[유후인 출발 10시30분] 후쿠오카 편도 버스투어 벳부 히타 다자이후 하카타역 유투어버스,https://experiences.myrealtrip.com/products/3154185,ok,9,3,2,4
3887614,후쿠오카,기타큐슈 아키요시 동굴 + 모토노스미 신사 + 쓰노시마 대교 일일 투어,https://experiences.myrealtrip.com/products/3887614,ok,9,3,2,4
4585939,후쿠오카,[한국어]후쿠오카 출발: 타카치호 협곡 & 아소산 구사센리 1일 투어(소고기 점심 포함）,https://experiences.myrealtrip.com/products/4585939,ok,9,6,2,1
5927701,후쿠오카,🔥후쿠오카 & 벳부 사파리 투어 2회 최장체류 보장 + 오픈런 유후인 (특가) 잇쇼니투어,https://experiences.myrealtrip.com/products/5927701,ok,9,3,2,4
4480469,후쿠오카,가미노미 구마노자리 신사&이와토 신사&다카치호샤 (딤섬 증정&다카치호샤 편도 셔틀버스),https://experiences.myrealtrip.com/products/4480469,ok,9,3,2,4
4811836,후쿠오카,[토토로 숲 방문] 후쿠오카 이토시마 반나절 버스투어 오전/오후 선택 니코니코투어,https://experiences.myrealtrip.com/products/4811836,ok,9,3,2,4
3885537,후쿠오카,<후쿠오카/유후인/벳푸> VIP프라이빗 맞춤 투어 [여행자보증보험가입업체],https://experiences.myrealtrip.com/products/3885537,ok,9,3,2,4
3885990,후쿠오카,[후쿠오카/아소산] 여유로운 프라이빗 차량 여행,https://experiences.myrealtrip.com/products/3885990,ok,9,3,2,4
3412132,후쿠오카,[특별한 여행] 기타큐슈 야마구치 버스투어 부관훼리 시모노세키항 출발 시모노세키역 경유,https://experiences.myrealtrip.com/products/3412132,ok,9,3,2,4
3885296,후쿠오카,프라이빗/후쿠오카출발]구마모토 쿠로가와온천.다이칸보/및 세미스냅/맞춤투어vip/코스설계,https://experiences.myrealtrip.com/products/3885296,ok,9,3,2,4
3829677,후쿠오카,"구마모토에서 출발하는 프라이빗 일일투어 아소산전역,쿠로가와 온천마을, 쿠마모토성등",https://experiences.myrealtrip.com/products/3829677,ok,9,6,2,1
3426559,후쿠오카,[소금푸딩선물]이토시마 야자수그네 부부바위 타케오 후쿠오카버스투어 와쿠와쿠3호선 대형USB,https://experiences.myrealtrip.com/products/3426559,ok,9,3,2,4
3886000,후쿠오카,[쿠마모토 단독 프라이빗 투어 ] 쿠마모토성/ 아소 화산지대,https://experiences.myrealtrip.com/products/3886000,ok,9,3,2,4
3885344,후쿠오카,후쿠오카 여행의 필수 코스!! 포장마차 맛집 투어,https://experiences.myrealtrip.com/products/3885344,ok,9,3,2,4
4308007,후쿠오카,부산 일본 후쿠오카 규슈 뉴카멜리아 배편 (왕복/편도승선권),https://experiences.myrealtrip.com/products/4308007,ok,8,5,2,1
3887811,후쿠오카,*후쿠오카출발 * 히타~쿠로가와 온천마을~아소산 일대 전역 *당일* 실속여행,https://experiences.myrealtrip.com/products/3887811,ok,9,3,2,4
5735325,후쿠오카,규슈 유후인노모리·비경 루트 일일 심층 투어 （ 유후인노모리 열차 체험| 한국어 가이드）,https://experiences.myrealtrip.com/products/5735325,ok,9,3,2,4
3885538,후쿠오카,<후쿠오카/유후인> VIP만을 위한 근교 단독투어 [여행자보증보험가입업체],https://experiences.myrealtrip.com/products/3885538,ok,8,5,2,1
4848494,후쿠오카,뉴카멜리아호 부산 후쿠오카 배편 편도 왕복 승선권,https://experiences.myrealtrip.com/products/4848494,ok,8,5,2,1
5542048,후쿠오카,점심 식사 & 디저트 포함된 가고시마 센간엔 스페셜 투어 (규슈),https://experiences.myrealtrip.com/products/5542048,ok,9,3,2,4
3543153,후쿠오카,"[당일] 매화의 신사, 다자이후 텐만구 투어 (비디오 가이드) #1+1이벤트 #검증된정보",https://experiences.myrealtrip.com/products/3543153,ok,9,3,2,4
3134317,후쿠오카,"[여행 한 그릇] 무료 사진 촬영 포함, 후쿠오카 나가사키 하우스텐보스 버스 투어",https://experiences.myrealtrip.com/products/3134317,ok,9,6,2,1
3509074,후쿠오카,[큐슈] 2박3일 관광 온천 맛집 프라이빗 투어!,https://experiences.myrealtrip.com/products/3509074,ok,9,3,2,4
5542736,후쿠오카 | 히로시마,히로시마 야간 푸드 & 현지 투어,https://experiences.myrealtrip.com/products/5542736,ok,9,3,2,4
5542739,후쿠오카 | 히로시마,히로시마 바 호핑 푸드 투어,https://experiences.myrealtrip.com/products/5542739,ok,8,5,2,1
5542730,후쿠오카 | 히로시마,히로시마 & 미야지마 일일 투어,https://experiences.myrealtrip.com/products/5542730,ok,8,5,2,1
5542738,후쿠오카 | 히로시마,히로시마 & 미야지마 일일 투어 (히로시마 출발),https://experiences.myrealtrip.com/products/5542738,ok,8,5,2,1
5542744,후쿠오카 | 히로시마,히로시마 투어 (현지 음식 시식 포함),https://experiences.myrealtrip.com/products/5542744,ok,8,5,2,1
5542743,후쿠오카 | 히로시마,히로시마 오전 하이킹 투어 & 야외 다도 체험,https://experiences.myrealtrip.com/products/5542743,ok,8,5,2,1
5542688,후쿠오카,구마모토 성 & 아소 화산 & 구센리 & 다자이후 텐만구/구로카와 온천 1일 투어 (후쿠오카 출발),https://experiences.myrealtrip.com/products/5542688,ok,9,6,2,1
3887815,후쿠오카,"*후쿠오카출발 *우리끼리만 후쿠오카에서 히타, 쿠로가와,아소산 일대 *당일* 초 실속여행",https://experiences.myrealtrip.com/products/3887815,ok,9,3,2,4
3520869,후쿠오카,1DAY 드라이빙 맞춤여행 투어! 후쿠오카 시내 근교지역을 자유롭게 맞춤투어 / 로컬투어,https://experiences.myrealtrip.com/products/3520869,ok,9,3,2,4
3841906,후쿠오카,"[당일] 눈과 입이 즐거운 식도락의 도시, 후쿠오카 시티투어 (비디오 가이드) #1+1",https://experiences.myrealtrip.com/products/3841906,ok,9,3,2,4
3887823,후쿠오카,후쿠오카에서 출발하는 당일 나가사키長崎 완전정복~~~,https://experiences.myrealtrip.com/products/3887823,ok,9,3,2,4
5869423,후쿠오카,"유후인 & 큐슈 자연동물공원 & 벳푸 바다지옥 & 가마도지옥 일일투어 (후쿠오카 출발, 1인 OK)",https://experiences.myrealtrip.com/products/5869423,ok,9,6,2,1
3887837,후쿠오카,후쿠오카출발 당일 투어 절경의 이토시마(糸島) 카라츠(唐津) 모두 돌아보기,https://experiences.myrealtrip.com/products/3887837,ok,9,3,2,4
5024112,후쿠오카,벳푸 지옥온천 + 규슈 동물원 + 유후인 일일 투어,https://experiences.myrealtrip.com/products/5024112,ok,9,6,2,1
4956170,후쿠오카,[유후인 하차 가능] 후쿠오카 버스투어 히타 맥주공장 진격의 거인 1일 니코니코투어,https://experiences.myrealtrip.com/products/4956170,ok,9,3,2,4
4298411,후쿠오카,【한국어 가이드】야나가와 뱃놀이 투어 및 장어 구이 런치 (B-0078),https://experiences.myrealtrip.com/products/4298411,ok,9,3,2,4
3887829,후쿠오카,"2박3일 상품 후쿠오카출발 나가사키,운젠,야나가와,쿠마모토,아소산,쿠로가와 온천마을",https://experiences.myrealtrip.com/products/3887829,ok,9,3,2,4
3521464,후쿠오카,후쿠오카 시내 지역을 쉽고! 짧고! 굵게! 확실하게! 반나절동안 차량으로 드라이빙 투어,https://experiences.myrealtrip.com/products/3521464,ok,8,5,2,1
4520395,후쿠오카,【화산과 명성】구마모토성×아소 화산×쿠사센리 대초원 1일 투어(후쿠오카 출발),https://experiences.myrealtrip.com/products/4520395,ok,8,5,2,1
4845765,후쿠오카,타카치호 협곡(보트 체험 포함)과 아소 화산·쿠사치리 일일 투어(점심 포함),https://experiences.myrealtrip.com/products/4845765,ok,8,5,2,1
5541781,후쿠오카,구주쿠시마 크루즈 (나가사키),https://experiences.myrealtrip.com/products/5541781,ok,8,5,2,1
6057415,후쿠오카,후쿠오카 아프리칸 사파리 유후인 벳부 1일 버스투어 입장료포함 유투어버스 최소출발인원1명,https://experiences.myrealtrip.com/products/6057415,ok,8,5,2,1
5696445,후쿠오카,미야자키 3대 성지 순례：가미시키미쿠마노자 신사・아마노이와토 신화・타카치호 협곡 일일 관광,https://experiences.myrealtrip.com/products/5696445,ok,8,5,2,1
5869386,후쿠오카,나카가와 리버 크루즈,https://experiences.myrealtrip.com/products/5869386,ok,8,5,2,1
4944164,후쿠오카,[단체 단독 전용] 큐슈 후쿠오카 일일 투어 10인 이상 프라이빗 차량 가이드 맞춤 여행,https://experiences.myrealtrip.com/products/4944164,ok,8,5,2,1
5854894,후쿠오카,"[수족관&동물원] 유후인&벳푸 우미타마고, 다카사키야마 후쿠오카 근교 일일투어 소소버스투어",https://experiences.myrealtrip.com/products/5854894,ok,8,5,2,1
3511661,후쿠오카,"[프라이빗투어] 후쿠오카,나가사키,사가,쿠마모토 주요 관광명소를 한번에! 2박3일 투어",https://experiences.myrealtrip.com/products/3511661,ok,9,6,2,1
4476030,후쿠오카,규슈&오이타: 다자이후 천만궁&벳푸 곤돌라&긴린호 일일투어(후쿠오카 출발),https://experiences.myrealtrip.com/products/4476030,ok,8,5,2,1
5704124,후쿠오카,다카치호 관광 열차 당일 투어,https://experiences.myrealtrip.com/products/5704124,ok,8,5,2,1
4159287,후쿠오카,[후쿠오카/유후인/벳푸/구마모토 프라이빗] 일본 큐슈 3일 알찬 투어 (FUK-2030),https://experiences.myrealtrip.com/products/4159287,ok,8,5,2,1
4159277,후쿠오카,[유후인/벳푸/후쿠오카 프라이빗] 일본 큐슈 2일 프라이빗 투어 (FUK-2020),https://experiences.myrealtrip.com/products/4159277,ok,8,5,2,1
3509069,후쿠오카,[큐슈] 2박3일 가족이 즐기는 프라이빗 투어!,https://experiences.myrealtrip.com/products/3509069,ok,9,6,2,1
3885283,후쿠오카,[프라이빗/후쿠오카 출발] 힐링이되는 구마모토의 바다 아마쿠사.맞춤여행.세미스냅.vip투어,https://experiences.myrealtrip.com/products/3885283,ok,8,5,2,1
3509081,후쿠오카,큐슈 전지역 통역업무 지원~일본/후쿠오카,https://experiences.myrealtrip.com/products/3509081,ok,8,5,2,1
3887821,후쿠오카,"후쿠오카에서 떠나봐요. 벳푸, 유후인, 다자이후까지 하루만에 다 보고올까요?",https://experiences.myrealtrip.com/products/3887821,ok,8,5,2,1
3426954,후쿠오카,후쿠오카 출발 다자이후 히타 벳부 유후인 일일 버스 투어! B-0210,https://experiences.myrealtrip.com/products/3426954,ok,9,6,2,1
4168833,후쿠오카,"후쿠오카 다자이후・베프u 케이블카・유부인 마을・금린호 하루 관광,한국어 가이드",https://experiences.myrealtrip.com/products/4168833,ok,8,5,2,1
4157435,후쿠오카,[후쿠오카/프라이빗] 일본 후쿠오카 근교 1일 프라이빗 투어 (FUK-1011),https://experiences.myrealtrip.com/products/4157435,ok,8,5,2,1
5955909,후쿠오카,🦁입장권포함/오픈특가💛 일본 후쿠오카 벳푸 아프리칸 사파리&유후인 버스투어 라쿠투어,https://experiences.myrealtrip.com/products/5955909,ok,8,5,2,1
5735236,후쿠오카,큐슈 이토시마 비경: 천여사 & 토토로 숲 산책로 & 부부암 & 후쿠오카 타워 일일 코스,https://experiences.myrealtrip.com/products/5735236,ok,8,5,2,1
4614363,후쿠오카,후쿠오카 출발: 이토시마 1일투어[영어 가이드],https://experiences.myrealtrip.com/products/4614363,ok,8,5,2,1
3885479,후쿠오카,"일본 후쿠오카 온천 여행 차량 투어(거동이불편한부모님,아이가많은가족,인원이많은단체 특화)",https://experiences.myrealtrip.com/products/3885479,ok,8,5,2,1
3509070,후쿠오카,[프라이빗 투어] 2박3일 큐슈 자연과 함께 하는 온천여행~!,https://experiences.myrealtrip.com/products/3509070,ok,9,6,2,1
3880494,후쿠오카,"[후쿠오카 워킹투어] 골목골목 투어, 낭만의 후쿠오카",https://experiences.myrealtrip.com/products/3880494,ok,9,6,2,1
5730988,후쿠오카,"큐슈 쿠마모토 일일 투어 (쿠마모토성, 아소 화산, 쿠사센리) - 한국어 가이드",https://experiences.myrealtrip.com/products/5730988,ok,8,5,2,1
4816002,후쿠오카,[특정일 한정]후쿠오카 출발: 2026 나가사키 하우스텐보스 불꽃 축제 1일 투어,https://experiences.myrealtrip.com/products/4816002,ok,8,5,2,1
3509068,후쿠오카,[쿠마모토/프라이빗 투어] 1일 트레킹 투어~,https://experiences.myrealtrip.com/products/3509068,ok,9,3,2,4
4435009,후쿠오카,후쿠오카 1일투어［오호리공원 일본정원&♡고야이섬♡(아이노시마 相島)&다자이후텐만구］,https://experiences.myrealtrip.com/products/4435009,ok,8,5,2,1
5543422,후쿠오카,"후쿠오카 식도락 & 문화 투어: 가라토 시장 스시, 고쿠라 & 다자이후",https://experiences.myrealtrip.com/products/5543422,ok,8,5,2,1
4944183,후쿠오카,[단체 단독 전용] 후쿠오카 프라이빗 1박 2일 온천 료칸 여행 10인 이상 맞춤 투어,https://experiences.myrealtrip.com/products/4944183,ok,8,5,2,1
5529630,후쿠오카,"YoKaBus기린 맥주 후쿠오카, 아키즈키 성터, 히코산 슬로프카",https://experiences.myrealtrip.com/products/5529630,ok,8,5,2,1
5675704,후쿠오카,[후쿠오카] 난조인 와불+이토시마 1일 버스 투어,https://experiences.myrealtrip.com/products/5675704,ok,8,5,2,1
3887825,후쿠오카,사가에서 떠나는 나가사키 당일 실속만점 투어,https://experiences.myrealtrip.com/products/3887825,ok,8,5,2,1
6155233,후쿠오카,[후쿠오카출발] 이토시마 하루 프라이빗 단독투어｜후타미가우라·팜비치·토토로숲 + 선택코스1,https://experiences.myrealtrip.com/products/6155233,ok,8,5,2,1
3509071,후쿠오카,"[프라이빗 투어] 2박3일 후쿠오카 명문골프,쇼핑,맛집 만끽 하기~",https://experiences.myrealtrip.com/products/3509071,ok,9,3,2,4
5696444,후쿠오카,규슈 힐링 여행：다자이후·벳푸 전망·유후인 풍경 하루 코스,https://experiences.myrealtrip.com/products/5696444,ok,8,5,2,1
6060383,후쿠오카,【한국어 가이드】규슈 미야자키 인기 명소 당일 투어｜미야자키 특선 점심 포함,https://experiences.myrealtrip.com/products/6060383,ok,8,5,2,1
4663263,후쿠오카,[후쿠오카/사가 단독 투어] 카라츠성 무지개해송 구상절리 차량 투어,https://experiences.myrealtrip.com/products/4663263,ok,8,5,2,1
5733475,후쿠오카,큐슈 오이타 일일 코스: 다자이후 텐만구 & 벳푸 케이블카 & 유후인 (한국어 가이드),https://experiences.myrealtrip.com/products/5733475,ok,8,5,2,1
5543424,후쿠오카,와카메카리 전망대 & 슈호도 동굴 & 모토노스미 신사 & 츠노시마 대교 당일 투어,https://experiences.myrealtrip.com/products/5543424,ok,8,5,2,1
5542718,후쿠오카,히로시마/미야지마 7시간 프라이빗 투어 (가이드 포함),https://experiences.myrealtrip.com/products/5542718,ok,8,5,2,1
5542732,후쿠오카,히로시마 시내 반나절 투어,https://experiences.myrealtrip.com/products/5542732,ok,8,5,2,1
5542745,후쿠오카,가나자와 프라이빗 일일 투어 (자유일정),https://experiences.myrealtrip.com/products/5542745,ok,8,5,2,1
4776187,후쿠오카,"【큐슈 북부】 가족, 친구, 연인 등과 함께하는 프라이빗 맞춤 투어 2일",https://experiences.myrealtrip.com/products/4776187,ok,8,5,2,1
3887827,후쿠오카,"1박2일 코스 후쿠오카출발 나가사키, 운젠, 일본의 베네치아 야나가와까지 매력만점 관광",https://experiences.myrealtrip.com/products/3887827,ok,8,5,2,1
6060746,후쿠오카,후쿠오카 출발 ｜오이타 인기 일일투어✨ 다자이후・유후인・벳푸온천｜온천달걀&사이다 무료 제공,https://experiences.myrealtrip.com/products/6060746,ok,8,5,2,1
5777984,후쿠오카,일본 후쿠오카 유후인 벳푸 다자이후 투어 프라이빗 2박 3일,https://experiences.myrealtrip.com/products/5777984,ok,8,5,2,1
5777985,후쿠오카,일본 후쿠오카 벳푸 아메리칸 사파리 유후인 온천투어 3박 4일,https://experiences.myrealtrip.com/products/5777985,ok,8,5,2,1
3509076,후쿠오카,[카라츠/프라이빗 투어] 올레 1일 힐링투어~,https://experiences.myrealtrip.com/products/3509076,ok,9,6,2,1
5542717,후쿠오카,히로시마 프라이빗 일일 투어,https://experiences.myrealtrip.com/products/5542717,ok,8,5,2,1
3887831,후쿠오카,"1박2일 코스 사가출발 나가사키, 운젠, 일본의 베네치아 야나가와까지 매력만점 관광",https://experiences.myrealtrip.com/products/3887831,ok,8,5,2,1
6203773,후쿠오카,🌿어덜트 14세이상💚 후쿠오카 벳푸 아프리칸 사파리 유후인버스투어 여행 일일 현지 소소,https://experiences.myrealtrip.com/products/6203773,ok,8,5,2,1
5542372,후쿠오카,하카타 항구 & 후쿠오카 프라이빗 일일 투어 (후쿠오카),https://experiences.myrealtrip.com/products/5542372,ok,8,5,2,1
5542742,후쿠오카,미야지마 인력거 투어 (30/60/120분),https://experiences.myrealtrip.com/products/5542742,ok,8,5,2,1
4298416,후쿠오카,"처음 후쿠오카를 방문하시는 분들을 위한 투어: 음식, 문화 그리고 역사 (B-0085)",https://experiences.myrealtrip.com/products/4298416,ok,8,5,2,1
5896489,후쿠오카,가이드와 함께하는 후쿠오카 가요이쵸 공원 반나절 투어(기차 이용) A-1241,https://experiences.myrealtrip.com/products/5896489,ok,8,5,2,1
5969755,후쿠오카,[유투어버스] 후쿠오카 자연만끽 유후인N쿠주 일일버스투어,https://experiences.myrealtrip.com/products/5969755,ok,8,5,2,1
4486586,후쿠오카,"후쿠오카/구마모토 출발: 구마모토 A코스- 구마모토성,아소산, 쿠사센리 1일 투어",https://experiences.myrealtrip.com/products/4486586,ok,9,3,5,1
4543807,후쿠오카,"구마모토 아소나카다케 분화구+구사센리+구마모토성,후쿠오카 또는 구마모토에서 출발",https://experiences.myrealtrip.com/products/4543807,ok,9,3,2,4
4543793,후쿠오카,"구마모토 아소 나카다케 분화구 + 구센리+구로카와온천 일일 투어,한국어 가이드,후쿠오카 출",https://experiences.myrealtrip.com/products/4543793,ok,9,3,2,4
6118203,후쿠오카,[후쿠오카 출발] 다자이후·유후인·벳푸 프라이빗 단독 차량투어｜한국어 기사 / 가족 맞춤,https://experiences.myrealtrip.com/products/6118203,ok,8,5,2,1
4779436,후쿠오카,후쿠오카 출발: 나가사키 1일 투어(영어 가이드),https://experiences.myrealtrip.com/products/4779436,ok,8,5,2,1
4944157,후쿠오카,～후쿠오카 출발!! 구마모토 애니 동상 5개와 구마모토성 투어～ 친구들을 만나러 가요 ㅎㅎ,https://experiences.myrealtrip.com/products/4944157,ok,8,5,2,1
4616642,후쿠오카,"후쿠오카 출발, 미야자키 타카치협곡 1일 프라이빗 투어 B-0074",https://experiences.myrealtrip.com/products/4616642,ok,8,5,2,1
5873893,후쿠오카,매력적인 규슈 후쿠오카&오이타 알찬 당일치기 여행,https://experiences.myrealtrip.com/products/5873893,ok,8,5,2,1
5894309,후쿠오카,큐슈 자연동물원 & 유후인 전일정 야생동물 여행（후쿠오카 출발）,https://experiences.myrealtrip.com/products/5894309,ok,8,5,2,1
6203791,후쿠오카,【후쿠오카 출발】오이타 벳푸 지옥온천・규슈 자연동물공원・유후인 당일 투어,https://experiences.myrealtrip.com/products/6203791,ok,8,5,2,1
6132234,후쿠오카,[2026 특정일 한정]후쿠오카 출발: 간몬해협 불꽃축제 1일투어,https://experiences.myrealtrip.com/products/6132234,ok,8,5,2,1
5867612,히로시마,간단히 말해서 히로시마 : 아침 자전거 모험,https://experiences.myrealtrip.com/products/5867612,ok,9,3,2,4
4192026,히로시마,"히로시마 일일관광 - 미야지마, 평화공원, 원폭돔, 히로시마성",https://experiences.myrealtrip.com/products/4192026,ok,8,5,2,1
5542733,히로시마,히로시마 카모츠루 사케 양조장 투어 & 사케 다이닝 체험,https://experiences.myrealtrip.com/products/5542733,ok,8,5,2,1
5526340,히로시마,히로시마 출발 시모세 미술관과 미야지마 1일 프라이빗 투어 / B-0841,https://experiences.myrealtrip.com/products/5526340,ok,8,5,2,1
5526367,히로시마,토끼섬 오쿠노시마와 히로시마 사케 양조장 / B-0118,https://experiences.myrealtrip.com/products/5526367,ok,8,5,2,1
5905368,히로시마,[히로시마] 평화기념관 + 미야지마 이쓰쿠시마 신사 :: 유네스코 등재지 1일 투어,https://experiences.myrealtrip.com/products/5905368,ok,8,5,2,1
5765088,히로시마,신시모노세키 또는 히로시마 출발 시모노세키 2일 투어 / B-0949,https://experiences.myrealtrip.com/products/5765088,ok,8,5,2,1
